field_id,class_name,class
1,winter wheat,1
2,winter wheat,1
3,winter wheat,1
4,winter wheat,1
5,winter wheat,1
6,winter wheat,1
7,winter wheat,1
8,winter wheat,1
9,winter wheat,1
10,winter wheat,1
11,winter wheat,1
12,winter wheat,1
13,winter wheat,1
14,winter wheat,1
15,winter wheat,1
16,winter wheat,1
17,winter wheat,1
18,winter wheat,1
19,winter wheat,1
20,winter wheat,1
21,winter wheat,1
22,winter wheat,1
23,winter wheat,1
24,winter wheat,1
25,winter wheat,1
26,winter wheat,1
27,winter wheat,1
28,winter wheat,1
29,winter wheat,1
