1_2_LC08_172029_20150423_red,1_2_LC08_172029_20150423_nir,1_2_LC08_172029_20150423_blue,1_2_LC08_172029_20150423_swir1,1_2_LC08_172029_20150423_green,1_2_LC08_172029_20150423_swir2,1_2_LC08_172029_20150610_red,1_2_LC08_172029_20150610_nir,1_2_LC08_172029_20150610_blue,1_2_LC08_172029_20150610_swir1,1_2_LC08_172029_20150610_green,1_2_LC08_172029_20150610_swir2,1_2_LC08_172029_20150712_red,1_2_LC08_172029_20150712_nir,1_2_LC08_172029_20150712_blue,1_2_LC08_172029_20150712_swir1,1_2_LC08_172029_20150712_green,1_2_LC08_172029_20150712_swir2,1_2_LC08_172029_20150728_red,1_2_LC08_172029_20150728_nir,1_2_LC08_172029_20150728_blue,1_2_LC08_172029_20150728_swir1,1_2_LC08_172029_20150728_green,1_2_LC08_172029_20150728_swir2,1_2_LC08_172029_20150813_red,1_2_LC08_172029_20150813_nir,1_2_LC08_172029_20150813_blue,1_2_LC08_172029_20150813_swir1,1_2_LC08_172029_20150813_green,1_2_LC08_172029_20150813_swir2,1_2_LC08_172029_20150829_red,1_2_LC08_172029_20150829_nir,1_2_LC08_172029_20150829_blue,1_2_LC08_172029_20150829_swir1,1_2_LC08_172029_20150829_green,1_2_LC08_172029_20150829_swir2,1_2_LC08_172029_20150930_red,1_2_LC08_172029_20150930_nir,1_2_LC08_172029_20150930_blue,1_2_LC08_172029_20150930_swir1,1_2_LC08_172029_20150930_green,1_2_LC08_172029_20150930_swir2,1_2_LC08_173028_20150414_red,1_2_LC08_173028_20150414_nir,1_2_LC08_173028_20150414_blue,1_2_LC08_173028_20150414_swir1,1_2_LC08_173028_20150414_green,1_2_LC08_173028_20150414_swir2,1_2_LC08_173028_20150430_red,1_2_LC08_173028_20150430_nir,1_2_LC08_173028_20150430_blue,1_2_LC08_173028_20150430_swir1,1_2_LC08_173028_20150430_green,1_2_LC08_173028_20150430_swir2,1_2_LC08_173028_20150516_red,1_2_LC08_173028_20150516_nir,1_2_LC08_173028_20150516_blue,1_2_LC08_173028_20150516_swir1,1_2_LC08_173028_20150516_green,1_2_LC08_173028_20150516_swir2,1_2_LC08_173028_20150601_red,1_2_LC08_173028_20150601_nir,1_2_LC08_173028_20150601_blue,1_2_LC08_173028_20150601_swir1,1_2_LC08_173028_20150601_green,1_2_LC08_173028_20150601_swir2,1_2_LC08_173028_20150719_red,1_2_LC08_173028_20150719_nir,1_2_LC08_173028_20150719_blue,1_2_LC08_173028_20150719_swir1,1_2_LC08_173028_20150719_green,1_2_LC08_173028_20150719_swir2,1_2_LC08_173028_20150804_red,1_2_LC08_173028_20150804_nir,1_2_LC08_173028_20150804_blue,1_2_LC08_173028_20150804_swir1,1_2_LC08_173028_20150804_green,1_2_LC08_173028_20150804_swir2,1_2_LC08_173028_20150820_red,1_2_LC08_173028_20150820_nir,1_2_LC08_173028_20150820_blue,1_2_LC08_173028_20150820_swir1,1_2_LC08_173028_20150820_green,1_2_LC08_173028_20150820_swir2,1_2_LC08_173028_20150905_red,1_2_LC08_173028_20150905_nir,1_2_LC08_173028_20150905_blue,1_2_LC08_173028_20150905_swir1,1_2_LC08_173028_20150905_green,1_2_LC08_173028_20150905_swir2,1_2_LC08_173028_20150921_red,1_2_LC08_173028_20150921_nir,1_2_LC08_173028_20150921_blue,1_2_LC08_173028_20150921_swir1,1_2_LC08_173028_20150921_green,1_2_LC08_173028_20150921_swir2,1_2_LC08_173028_20151007_red,1_2_LC08_173028_20151007_nir,1_2_LC08_173028_20151007_blue,1_2_LC08_173028_20151007_swir1,1_2_LC08_173028_20151007_green,1_2_LC08_173028_20151007_swir2,1_2_LC08_173029_20150414_red,1_2_LC08_173029_20150414_nir,1_2_LC08_173029_20150414_blue,1_2_LC08_173029_20150414_swir1,1_2_LC08_173029_20150414_green,1_2_LC08_173029_20150414_swir2,1_2_LC08_173029_20150430_red,1_2_LC08_173029_20150430_nir,1_2_LC08_173029_20150430_blue,1_2_LC08_173029_20150430_swir1,1_2_LC08_173029_20150430_green,1_2_LC08_173029_20150430_swir2,1_2_LC08_173029_20150516_red,1_2_LC08_173029_20150516_nir,1_2_LC08_173029_20150516_blue,1_2_LC08_173029_20150516_swir1,1_2_LC08_173029_20150516_green,1_2_LC08_173029_20150516_swir2,1_2_LC08_173029_20150601_red,1_2_LC08_173029_20150601_nir,1_2_LC08_173029_20150601_blue,1_2_LC08_173029_20150601_swir1,1_2_LC08_173029_20150601_green,1_2_LC08_173029_20150601_swir2,1_2_LC08_173029_20150719_red,1_2_LC08_173029_20150719_nir,1_2_LC08_173029_20150719_blue,1_2_LC08_173029_20150719_swir1,1_2_LC08_173029_20150719_green,1_2_LC08_173029_20150719_swir2,1_2_LC08_173029_20150804_red,1_2_LC08_173029_20150804_nir,1_2_LC08_173029_20150804_blue,1_2_LC08_173029_20150804_swir1,1_2_LC08_173029_20150804_green,1_2_LC08_173029_20150804_swir2,1_2_LC08_173029_20150905_red,1_2_LC08_173029_20150905_nir,1_2_LC08_173029_20150905_blue,1_2_LC08_173029_20150905_swir1,1_2_LC08_173029_20150905_green,1_2_LC08_173029_20150905_swir2,1_2_LC08_173029_20150921_red,1_2_LC08_173029_20150921_nir,1_2_LC08_173029_20150921_blue,1_2_LC08_173029_20150921_swir1,1_2_LC08_173029_20150921_green,1_2_LC08_173029_20150921_swir2,system:index,field_id
1.1864200581139386,1.4666569142050137,0.9584372497365647,1.9745179878048784,1.0717269452108793,1.6897820762260132,1.1337376633358953,1.9041928447903151,0.9213499999999997,1.908425385596661,1.0932408068986754,1.5217322650148126,0.8935089140475945,2.620777369624885,0.8070838074398253,1.48247894834634,0.9736413305530169,1.0604327840416303,0.924758627753472,2.353683501178486,0.8090108441300206,1.4393675210538879,1.0141589259796808,1.0536893617021275,1.1453484848484847,1.7714775398094709,0.9116334792993631,1.5654756891208608,1.1147264621063557,1.2392765957446812,1.1240438870614033,1.4903495652173908,0.9065331861198743,1.772386363636364,1.0258876801152739,1.4824448804084926,,,,,,,,,,,,,,,,,,,1.2902251336898396,1.7296,0.9966424242424242,2.0526999999999997,1.15875,1.698578854625551,1.2354333333333336,1.8881249999999998,0.9712500000000001,2.13618,1.14402,1.72864,,,,,,,0.9971242252023873,2.11142191603477,0.8345112519809826,1.4512220353453427,1.0594528044990381,1.0840503738685554,,,,,,,1.1157677419354837,1.443494204925037,0.905999690125327,1.782115362792297,1.012232075471698,1.4775362301250154,1.2296570264262783,1.607397764874323,0.9537162358506505,1.9123576670233913,1.0942855342465758,1.580011310054798,,,,,,,,,,,,,,,,,,,1.291343253968254,1.7487509999999997,0.9909987980769229,2.0434604790419164,1.158875,1.6877,1.2343,1.9103,0.9738,2.1562,1.1461,1.7316,,,,,,,0.9940589878817255,2.1153429860001887,0.825724409090909,1.4512855270946565,1.055649300322928,1.0878878068410462,1.114692532681275,1.4435510832738947,0.9050148148148153,1.7803079168688338,1.011269379391101,1.475632727272727,1.2277709677419355,1.6075584149245827,0.9506989288774632,1.9121919658622721,1.0922454036196498,1.5762600146611032,0,1
0.8877204721056156,1.7794861111111113,0.8559472500342892,1.400304621878801,0.9252896950495051,1.1542472522198224,0.8896494528730772,2.012392771084337,0.7983548980016036,1.3063145705196182,0.9242811934156379,1.0361021773588055,1.2442730505149584,1.61354103228593,0.9428307139953934,1.7168845988152939,1.0925552631578943,1.3927265197633543,1.388705926963015,1.9665748928060984,0.9988861080763092,2.1076444444444444,1.1882842105263158,1.6034316901408452,0.9364739354159073,1.0409782274446073,0.8737432577794852,1.2674078431372549,0.9145807692307693,1.324998858499096,1.004867382221582,1.1581827272727274,0.9084396825396821,1.5723740740740744,0.951657928802589,1.6180872088857043,,,,,,,,,,,,,,,,,,,0.8381285871964679,2.707814238773275,0.8416111111111112,1.4411940793754063,0.9343537624660019,1.0589193548387097,0.8290917810540586,2.3160558848433523,0.7938386981035367,1.2748554587056002,0.891822993001235,0.9757294117647058,,,,,,,1.384834872824632,1.9982552063789867,0.9812604405286343,2.0956799999999998,1.1826252830188682,1.560574153498871,,,,,,,0.9892286802744039,1.1309861692163594,0.8889364559252189,1.5019647196571377,0.9370506138463485,1.5028897959183674,1.003061223028303,1.1661193320385872,0.8999001884042519,1.533313918554746,0.9526373487701307,1.4931409754147509,,,,,,,,,,,,,,,,,,,0.8337024161073826,2.7067666666666668,0.8504545454545454,1.4330923076923079,0.9343785714285715,1.0509246212812557,0.8250797315664288,2.3092044564483456,0.7915762488218662,1.2722868521827926,0.889736684073107,0.97547,,,,,,,1.384624658385093,1.9979311644339763,0.9813799519166555,2.095078977272727,1.1806595092024539,1.564591774675972,0.9911796695652174,1.130835550808666,0.8977306125058608,1.498094797238999,0.9418373340091234,1.5009776178010472,1.004980421145434,1.1661603999370178,0.9096376498412491,1.5330068925233644,0.9575698809432958,1.489240575678781,1,2
0.8285822222222222,1.8420562499999997,0.8239726181474478,1.239215076643808,0.8831055555555554,1.0147325316820275,0.8540259259259257,2.1502217877988326,0.7859135758752643,1.2354035211267607,0.9011013940671095,0.9697446601941745,1.2791751537870049,1.7051184042553194,0.9697530151440599,1.7561663722205298,1.1221838709677419,1.3819153846153849,1.419837771275299,2.0330569961849196,0.995071111111111,2.162029986431479,1.2022245414231,1.607306306723467,1.420157384760113,2.0434489361702126,0.9892875,2.082171428571429,1.2040488687782804,1.5264313624678665,1.3377344122891237,1.902343653955606,0.975604622956583,2.0214460978147764,1.1513062104819447,1.5642499214806507,,,,,,,,,,,,,,,,,,,,,,,,,0.8024194680862835,2.5115923780487805,0.7869951932839703,1.2072232302654735,0.8692060607988601,0.9236483053033433,,,,,,,1.4040761904761905,2.058357311420143,0.9717678869134359,2.1132611810861044,1.1923844283276452,1.5445171315412487,,,,,,,1.3382142641382784,1.8552112985359643,0.9639932537749635,2.0102,1.1434229576486925,1.54110435807582,1.1102841373315948,1.4513702804323987,0.9128052327894947,1.7675170350673097,1.0180217469262294,1.479468571428571,,,,,,,,,,,,,,,,,,,,,,,,,0.7948570819112635,2.5193809912573926,0.7988190162659228,1.2066938588204983,0.8691880194849014,0.9198245763605063,,,,,,,1.4041662320607824,2.058338191780822,0.9717492570643306,2.11302541347577,1.192406637939879,1.5485968828980625,1.3379772727272725,1.8558203525108081,0.9674818181818182,2.0099683306055645,1.1434909090909091,1.540896003562945,1.108528176318064,1.4512902332937923,0.9145642605633806,1.7674210526315788,1.0161435979356108,1.4756045650832819,2,3
1.1592151108009074,1.434525866392336,0.9457653541525233,1.8846592406336438,1.0542803413714397,1.6388002251618345,1.1747043785310733,1.5740140976569494,0.937926105490508,1.8378241546563199,1.075619512195122,1.5917473684210528,0.936571017499549,2.10505625,0.8813418050473777,1.6356911749788672,0.9955925883694412,1.2714041555235551,0.9034482181977509,1.9514280428891246,0.8315542205828996,1.466779078554452,0.9516133804422158,1.138877138054213,0.9834936142397421,1.9433129667296238,0.8393713279819744,1.5400658301965706,1.0024274067142358,1.184686111111111,0.9814179125720095,1.92733618513324,0.8325404716473411,1.5293822179255288,1.0054144211238998,1.1814849075545888,,,,,,,,,,,,,,,,,,,0.9039,1.44828,0.81575,1.3317999999999999,0.9324856502242151,1.0867499999999999,1.161931683168317,1.511431204379562,0.9316129270880268,1.853917773019271,1.0526744463259214,1.5995593365436058,,,,,,,0.9794977440408624,1.9235470709231526,0.8334626659791159,1.5175193910972156,0.9975680602572778,1.1739699106122725,,,,,,,1.0828591940976162,1.8453652401870477,0.8598134591584159,1.5769096996553422,1.0619666666666667,1.223578246153846,1.0413707746478873,1.4266895273899032,0.8708669576604102,1.5419566438062582,0.9767623441918928,1.3506198066298343,,,,,,,,,,,,,,,,,,,0.8977333333333334,1.4501187910643891,0.81885,1.332272895863053,0.9330499999999999,1.1046,1.1583,1.511483215736583,0.9306787547452282,1.8536254545454542,1.0537394214326428,1.5956517241379307,,,,,,,0.9776351652056641,1.9235337789161933,0.8334459020521215,1.5174763624614056,0.9974776514272453,1.1774674893397084,1.081183918539326,1.8459113983391373,0.8558642517380168,1.5751056795131848,1.0610243679775282,1.2216803536345775,1.0395767926988264,1.4250235844642019,0.868417751251444,1.5401095455638374,0.9760246865461377,1.3485778107606678,3,4
0.9728,1.17675,0.8847999999999999,1.5697565217391305,0.9364999999999999,1.4965,1.12,2.5759499999999997,1.0089,1.3876175090252707,1.178404938271605,1.0752854229154172,1.0867114327062226,2.0402625336927223,0.871,1.5755822709163347,1.05420823798627,1.2398435582822085,1.1189,1.9220603773584906,0.8749000000000001,1.73095,1.0427,1.33119806763285,1.4561,1.9982333333333333,1.0729,2.1026524691358026,1.2745,1.6849500000000002,1.1270186666666666,1.4113,0.9253877470355732,1.7389,1.0392,1.5646457264957263,,,,,,,,,,,,,,,,,,,,,,,,,0.9112501642935379,2.6835811320754717,0.8235954022988506,1.392432068965517,1.0179577154308617,1.0179763860369613,,,,,,,1.1360628205128203,1.9131,0.8839388888888889,1.7401370967741936,1.0409,1.321,,,,,,,1.1362,1.3955,0.9272,1.718858352402746,1.0413,1.52549375,1.006,1.2154,0.8836,1.5883,0.9485,1.467884375,1.1011,1.3384,0.917099609375,1.6867,1.0313,1.5227499999999998,,,,,,,,,,,,,,,,,,,0.9086343839541547,2.6698,0.8264,1.3931122587968219,1.018,1.0176574468085107,,,,,,,1.1349,1.9135,0.8783,1.7389,1.0415,1.3224,1.1333,1.3965,0.9221,1.7171082706766916,1.039,1.5229,1.0083,1.2136,0.8909,1.5858,0.95095,1.4649,4,5
0.8512,1.8608,0.8336,1.3068,0.8984,1.0742,0.8968,1.9484,0.7992,1.3079,0.9292,1.0348,1.094,1.5672,0.8799,1.5794,1.0055,1.2746,1.3069,1.6992,0.9748,1.9394,1.1577,1.6492,1.3072,1.6615,0.992,1.946,1.1641,1.6842,1.3009,1.6262,1.0029,1.9158,1.1607,1.668,,,,,,,,,,,,,,,,,,,0.8313,2.8561,0.8277,1.4437,0.9326,1.0772,0.8165,2.4356,0.7886,1.2723,0.8886,0.9768,,,,,,,1.2623,1.6305,0.9704,1.9346,1.1259,1.6747,,,,,,,1.2828,1.5816,0.9868,1.87,1.1434,1.6281,1.195,1.5137,0.9554,1.828,1.0859,1.5714,1.2181,1.6881,0.9538,1.8763,1.1184,1.5672,,,,,,,,,,,,,,,,,,,0.8196,2.4358,0.8031,1.2744,0.8951,0.9787,,,,,,,1.2592,1.6301,0.9675,1.9331,1.124,1.678,1.2834,1.5833,0.988,1.8692,1.1414,1.6265,1.1937,1.5141,0.9502,1.8268,1.0829,1.5676,5,6
1.038163227953411,1.2884,0.9190331585845348,1.7232500000000002,0.9872,1.6546,0.9235,1.9944,0.8444,1.58,0.9820689466484267,1.2091,0.864,2.3287,0.8321,1.4979,0.9694,1.0987,1.0796,1.910996,0.8806217647058824,1.762783569405099,1.0434913946587538,1.3465356172839507,1.1068762135922332,1.9023,0.8805049504950496,1.7407,1.0475868824531516,1.3288097959183673,1.1603,1.728347806004619,0.9153,1.8412450628366246,1.0548,1.4710729166666667,,,,,,,,,,,,,,,,,,,1.0403,1.7264,0.946,1.8034,1.0498,1.5779,0.9447,1.8569,0.8748,1.6878,0.995,1.315,,,,,,,1.0717951456310681,1.8961,0.8688,1.7308,1.0251692506459948,1.311723890784983,,,,,,,1.1622,1.6838,0.916,1.8357,1.0509555169417897,1.457303692762186,1.0224,1.3475,0.8894,1.5815517857142858,0.9674792207792209,1.4309,1.1111608495981629,1.4542,0.9156543828264756,1.7221021803766103,1.0385,1.5136,,,,,,,,,,,,,1.0323,1.6811,0.9127,1.7994,1.0261,1.595,0.941,1.852845436105477,0.8803,1.6634,0.9955,1.3103,,,,,,,1.0714808411214953,1.8946,0.8679,1.7304,1.0248629722921918,1.314,1.1613073260073261,1.68405,0.9146,1.8334913043478263,1.0500548135299221,1.455465306122449,1.0211999999999999,1.3455,0.8912691156462584,1.5801494047619047,0.9669,1.4271964509394572,6,7
0.8532037735849057,1.8883787321063394,0.8397,1.3351,0.9087,1.0711390793339863,0.86365,2.0850056603773583,0.7937133333333334,1.25705,0.9133,0.9908563318777294,,,,,,,1.3056666666666665,1.6825714285714284,0.984,1.939568316831683,1.1538333333333333,1.6540249999999999,1.2863499999999999,1.6104666666666667,0.9799249999999999,1.893169578313253,1.143975,1.6546347931873477,1.2567750000000002,1.5461,0.9682684876365728,1.8253333333333333,1.1197375,1.61985,,,,,,,,,,,,,,,,,,,0.8642,2.7909,0.86,1.4935,0.9544,1.1163,1.4624,2.3998,1.4277,1.8453,1.4881,1.5512,,,,,,,1.235125,1.5726600000000002,0.9592608832807571,1.8769428571428572,1.1049666666666667,1.6387461185718963,,,,,,,1.2413666666666667,1.5084,0.9612166666666667,1.775783443708609,1.1101618243243243,1.5759857142857143,1.151375824175824,1.470012486427796,0.9291,1.7398724440116846,1.0532485193621868,1.4974506610576923,1.17712,1.6089,0.924200227445034,1.7574,1.08644,1.477642928039702,,,,,,,,,,,,,,,,,,,0.96,2.4604,0.9266,1.6024,1.0532,1.3035,,,,,,,1.2351750000000001,1.57198,0.9602777777777778,1.8766426419965578,1.1059333333333334,1.6426416666666668,1.2390666666666665,1.5088000000000001,0.9603765765765766,1.7755833333333333,1.110629875518672,1.572711111111111,1.1492116372391652,1.4698955483170468,0.92522,1.7371738072054528,1.0511499999999998,1.4934841199333706,7,8
1.0119,1.2933,0.8985,1.6633,0.9665,1.5765,0.9927,1.7861,0.8824,1.6441,1.0138,1.4024,0.8659,2.4672,0.8227,1.5264,0.951,1.1147,0.9617,2.2178,0.8262,1.5265,0.9972,1.1531,1.1332,2.0855,0.8924,1.6735,1.0801,1.2671,1.1071,1.8946,0.8807,1.6677,1.028,1.2917,,,,,,,,,,,,,,,,,,,,,,,,,1.0148,1.7443,0.9147,1.7396,1.0181,1.5259,,,,,,,1.0184,2.1071,0.8463,1.5946,1.0152,1.2012,,,,,,,1.2624,1.978,0.9548,1.8406,1.1248,1.4027,1.1043,1.5256,0.89,1.6795,1.0097,1.3831,1.1647,1.6332,0.9086,1.7956,1.0721,1.4555,,,,,,,,,,,,,,,,,,,1.0234,1.7524,0.9139,1.7338,1.0148,1.5204,,,,,,,1.0123,2.1011,0.8413,1.5898,1.0148,1.2011,1.2615,1.9789,0.9506,1.8396,1.1252,1.4006,1.1022,1.526,0.8867,1.6785,1.0081,1.3796,8,9
1.0299271018793275,1.357,0.9275237980769231,1.6981001742160278,0.9956,1.6068326086956521,0.8930750000000001,2.1028333333333333,0.8038710306406686,1.3683849865951743,0.93916,1.0596170731707317,1.0121261019878998,1.9161914728682172,0.8436,1.6264666666666667,0.9923784615384617,1.2393025653436593,1.11979270687237,1.9564,0.8859,1.835,1.0558291666666668,1.3835333333333333,1.1685885416666668,1.919426778242678,0.9099150523560211,1.84225,1.0754224233983287,1.392,1.1412,1.776,0.9093,1.8058,1.050429411764706,1.4199,,,,,,,,,,,,,,,,,,,0.8970753602305475,2.1962,0.87755,1.5038,0.9849254861821904,1.1997,0.8385463414634146,2.338561168032787,0.8139785522788203,1.3599509785647717,0.9213,1.0254453346855985,,,,,,,1.11835,1.901525,0.8820666666666667,1.8165,1.0404,1.3655,,,,,,,1.2385,1.7759411805555556,0.9552334645669291,1.9444731448763255,1.1040171779141106,1.5159799999999999,1.060960904255319,1.4643499999999998,0.8973333333333334,1.6831857510729615,0.996292349137931,1.4214071653543305,1.1468,1.5744500000000001,0.9222333333333333,1.8171499999999998,1.0623,1.5153610441767067,,,,,,,,,,,,,0.8775,2.0676,0.8472,1.476,0.9698,1.2028,0.8370599999999999,2.340019920318725,0.8207116071428572,1.358274926253687,0.922507654723127,1.0254652267818576,,,,,,,1.119419642857143,1.900475,0.8815094138543517,1.8172470070422537,1.0408273666092942,1.3679079638752052,1.2387,1.7792400000000002,0.9503324503311258,1.9426798882681566,1.1039273869346735,1.5148,1.0597,1.4634,0.8961033434650457,1.68145,0.9954782816229117,1.4182811158798283,9,10
0.8875,1.8096097197898424,0.8552,1.36555,0.9270333333333333,1.1462599897802757,0.984775528169014,1.9041923623445824,0.8245333333333335,1.3101008797653957,0.9904879120879121,1.067471217712177,1.1670999999999998,1.4586,0.9537705416116247,1.8257500000000002,1.0581,1.6836,1.184225,1.5138053811659191,0.9508857386848848,1.8309402810304447,1.0825936090225565,1.633925,1.1871359098228662,1.548925,0.9430489051094891,1.8099,1.087561392405063,1.58099346092504,1.1095713004484304,1.3763800000000002,0.9326,1.7647,1.0262,1.6214,,,,,,,,,,,,,,,,,,,0.9024,2.3067,0.8484,1.3006,0.9679,1.0685,0.8257749999999999,2.0869,0.7827142857142856,1.1700333333333333,0.88685,0.9464290149892933,,,,,,,1.160733953488372,1.5061666666666664,0.9320666666666666,1.778159541984733,1.0669106870229008,1.5606415789473682,,,,,,,1.1122068181818183,1.3385,0.9293857700892858,1.7239042049934294,1.0187999999999997,1.59615,1.05605,1.2626333333333333,0.9051250000000001,1.6584,0.9757965870307167,1.5450333333333333,1.1559499999999998,1.4110981217129976,0.9425,1.7472524663677131,1.066248944337812,1.5915509345794392,,,,,,,,,,,,,1.0337,2.3014,0.8832,1.4474,1.0861,1.2028,0.8302,2.0901,0.7857200000000001,1.17045,0.8923,0.9471312633832976,,,,,,,1.1595053777208708,1.5061520179372196,0.9313275974025974,1.7782331388564758,1.0661131691648822,1.5642333333333334,1.110470426065163,1.33845,0.92855,1.7226999999999997,1.0180000000000002,1.59538,1.056175,1.2644164364640882,0.9114,1.6565055555555557,0.9777000000000001,1.5407600000000001,10,11
0.9758235294117648,1.2627799999999998,0.89685,1.5571973154362415,0.9566,1.4673,0.8747,2.0090333333333334,0.7903,1.2538,0.9180953271028037,1.0106,1.1097,1.7547,0.874,1.636,1.0287,1.2853,1.2626,2.063764691943128,0.9389,1.962684939759036,1.14105,1.4859,1.3432,2.1216,0.9793,2.0388,1.1824666666666668,1.5345541666666667,1.2556,1.8869508982035927,0.9428599999999999,1.9514762430939223,1.1162333333333334,1.5186723183391002,,,,,,,,,,,,,,,,,,,0.9064,2.3915,0.8599,1.4146,1.0101,1.0923,,,,,,,,,,,,,1.2814,2.0944,0.9418923076923078,2.0248560240963855,1.1415428251121076,1.518156573705179,,,,,,,1.2723200000000001,1.8554,0.9535,1.954005069124424,1.1162,1.5081,1.0812,1.509189189189189,0.8962,1.7154,1.0046499999999998,1.4185,1.1821833333333334,1.5991,0.9284812749003983,1.8737,1.0719500000000002,1.5345048387096771,,,,,,,,,,,,,,,,,,,,,,,,,,,,,,,1.282593778801843,2.0977,0.9439,2.0219931914893614,1.141894610778443,1.5222195754716983,1.2710546362339514,1.8569499999999999,0.9501,1.9527,1.1166,1.5063,1.0783287334593572,1.5091999999999999,0.8947499999999999,1.7134,1.00225,1.415,11,12
1.0164528,1.4812001127395715,0.9078,1.7048815999999998,0.9954000000000001,1.5766014851485148,0.9076247978436657,1.9604499999999998,0.8084268673355631,1.3602868894601543,0.9567333333333333,1.0676930194805194,1.2128862606232294,2.0115,0.9417,1.95915,1.14365,1.52925626911315,1.1860499999999998,1.9589,0.919,1.8764333333333332,1.1108131175468483,1.4187666666666667,1.2534,1.9115666666666666,0.9802500000000001,1.8974803149606296,1.1503,1.4477027833001987,1.1143,1.5055,0.9294235880398671,1.719540614334471,1.0372,1.477,,,,,,,,,,,,,,,,,,,,,,,,,0.8579,2.1287600867678957,0.8051999999999999,1.3222,0.9290499999999999,1.0229732729331824,1.1886,2.1116086399999996,0.9327301792828684,1.850212277867528,1.1258,1.376088186813187,1.21355,1.9246,0.9232,1.8702666666666667,1.1131,1.4152321862348178,,,,,,,1.1156941979522186,1.459675,0.9272,1.7045,1.0283660574412532,1.4782611111111112,1.0425,1.3461,0.8926989431968296,1.63111875,0.9820483870967741,1.4474,1.1138,1.43873378746594,0.9215932678821879,1.7270520900321542,1.0392,1.5086,,,,,,,,,,,,,,,,,,,0.8538628571428571,2.144975,0.80485,1.3225892694063925,0.9275,1.0203442675159236,1.1738333333333333,2.108804457364341,0.9248000000000001,1.8493,1.1164333333333334,1.3764333333333332,1.2140000000000002,1.9266,0.9236999999999999,1.8699,1.1150000000000002,1.4186502982107356,1.113,1.4649,0.9281,1.703000390625,1.0307665796344645,1.4786622340425533,1.0394988439306359,1.3482,0.8962612980769231,1.6297395604395604,0.9827263513513514,1.4437,12,13
0.8622155650319829,1.9400237068965516,0.834575187969925,1.3185602777777776,0.91745,1.0807928994082838,0.9906994743758212,1.934767391304348,0.8156986166007905,1.3155333333333334,0.991,1.0684,1.1804522339027594,1.5033,0.9606,1.8798139676113361,1.0738188340807175,1.7154599999999998,1.213897187060478,1.5527693571428571,0.963516338582677,1.885831390134529,1.1020500000000002,1.6881800000000002,1.219264695945946,1.580977544154752,0.9575926666666665,1.8604666666666667,1.1069,1.6333,1.1708962809917356,1.5413371951219512,0.95,1.8223226061725135,1.072661505981703,1.611246624305004,,,,,,,,,,,,,,,,,,,0.7808,1.7406,0.6842,1.0957,0.8593,0.9647,0.8354089743589742,2.1456727642276427,0.7759837041884817,1.1687333333333332,0.8939117493472585,0.9482766961651918,1.239,1.6224,0.9741,1.9766,1.1175,1.7287,1.2061270022883295,1.557182530120482,0.9478298225308642,1.8419633481646271,1.096349934554974,1.6044,,,,,,,1.1375506746626687,1.3927200000000002,0.9420750000000001,1.7950132684824904,1.0356993685872138,1.6545261829652995,1.0619898480243164,1.2938410054988216,0.9075008553654743,1.70964865694551,0.979720871559633,1.5969357758620688,1.1517372093023257,1.4227518665607626,0.9463937027707809,1.792388917262513,1.0628806635562469,1.6337046783625733,,,,,,,,,,,,,,,,,,,0.8336329032258065,2.1462645962732925,0.7777996511120802,1.166525,0.8940333333333333,0.9465,1.2434,1.6265,0.9826,1.9707,1.1186,1.7294,1.2057223574144487,1.5568951111111111,0.9467923076923076,1.8419401898734178,1.094365159235669,1.6098,1.1377196232339088,1.3924402366863908,0.9458615298923134,1.7913637994480225,1.0366216509775523,1.6504312676056339,1.0629125,1.2939333333333334,0.9158744615384614,1.7079148267008983,0.9831333333333333,1.5930499999999999,13,14
1.0238978554778555,1.4279,0.92375,1.7473009193054136,0.9953238950276243,1.6427652652652651,0.9084000000000001,1.9787829170829172,0.8025209649122806,1.3469930817610063,0.9514452789699571,1.0728255762897914,1.3577391634980986,2.0791999999999997,1.008366734074823,2.133999686028257,1.213606423777565,1.654135095447871,1.2864998573466477,2.0773796976241896,0.9680851851851852,2.0121,1.172456480218281,1.5224,1.3555,2.0649,1.0108,2.053,1.205,1.5629903465346533,1.2677,1.8939,0.971932894736842,1.9699613360323887,1.1449827050997783,1.5421821646341463,,,,,,,,,,,,,,,,,,,0.7626,1.4811,0.7369,0.9889,0.8361,0.8597,0.85,2.170072340425532,0.7955983805668015,1.2995666666666665,0.9173434818481848,1.0209552734375003,1.3067,2.2378,1.0264,2.0678,1.2367,1.5741,1.305125,2.067186636466591,0.966,2.0429,1.1683,1.52452,,,,,,,1.2666602739726027,1.8103558768656716,0.9799,1.9386459745762712,1.1397,1.5360731489015456,1.0891486618004864,1.510466857142857,0.9146,1.7538,1.0193807766990293,1.4707,1.1664,1.5950171171171172,0.9319278273809524,1.8626,1.0732,1.5401,,,,,,,,,,,,,0.7732,1.4719,0.7578,0.9763,0.8432,0.853,0.8492121699196326,2.1703734375000003,0.7934874659400546,1.2989777777777778,0.9185814663951121,1.0188677966101694,1.286,2.2087,0.9938,2.0498,1.1808,1.5669,1.3052,2.06715,0.9691000000000001,2.0402480406386068,1.1705120582120583,1.528308695652174,1.2691007853403142,1.8104799999999996,0.9866,1.937,1.1429,1.5347499999999998,1.0881,1.5113000000000003,0.9144650485436895,1.7544006309148263,1.0202807958477509,1.4671,14,15
1.0140668414154654,1.3274272727272725,0.9186998415213946,1.6827449748743717,0.9841199999999999,1.596347902571042,0.8921060836501902,1.9716747572815536,0.796616521106259,1.290509638554217,0.931844,1.0417188976377953,1.1236934604904631,1.772227966101695,0.8939841584158417,1.689,1.0383,1.3313750684931507,1.3306,2.0759499999999997,0.9696,2.0509,1.1805,1.5640999999999998,1.3416,2.1038545918367344,1.0086,2.00885,1.1924602836879432,1.5097418156808802,1.1948621076233186,1.8676,0.9485,1.8492838842975208,1.1008037499999999,1.4913208893485006,,,,,,,,,,,,,,,,,,,,,,,,,0.8554,2.0671,0.8014,1.2977,0.9134,1.0546,1.3182,2.2972,0.9585,2.0973,1.1971,1.5604,1.3155,2.0992249999999997,0.9575999999999999,2.0329,1.1644,1.5204666666666666,,,,,,,1.202460544217687,1.8061756637168143,0.9408450306748466,1.8307,1.0949677685950414,1.4824000000000002,1.0672263157894735,1.4969,0.892860579064588,1.6750618932038834,0.9987113985448666,1.4012,1.1432333333333333,1.5454,0.9222,1.7783,1.0541,1.4958,,,,,,,,,,,,,,,,,,,0.8317,2.0693,0.8008,1.2622,0.9014,1.0093,1.2997,2.3071,0.9544,2.0864,1.1886,1.5308,1.3152,2.098866666666667,0.9564,2.0330749999999997,1.1646031620553359,1.5247,1.2054,1.809523854447439,0.9527000000000001,1.8307,1.0958252873563221,1.4797,1.0671000000000002,1.4969,0.8937182320441989,1.6748023622047246,0.9994382246376813,1.398,15,16
0.8570666666666668,1.7442404123711344,0.84105,1.30435,0.9045329949238579,1.083825,0.88612,1.961492382495948,0.8002,1.2820333333333334,0.9303833333333333,1.0221666666666667,1.0970221674876848,1.5255800000000002,0.8841906685236769,1.5607293559660511,1.0125666666666666,1.2514758865248228,1.288,1.6632666666666667,0.9722,1.8890656836461126,1.1441,1.6196877094972064,1.2997833333333333,1.6337,0.9819473557692309,1.896374857142857,1.1556988095238094,1.6303,1.2882500000000001,1.5797999999999999,0.9896,1.84128,1.14805,1.606896,,,,,,,,,,,,,,,,,,,,,,,,,0.8265,2.3385,0.7977,1.2394,0.9008,0.9655,1.2825,1.7363,0.9533,1.9179,1.1429,1.6,1.2485208661417322,1.5998,0.9586666666666667,1.8765873733437257,1.1142282033426183,1.61155,,,,,,,1.2645666666666664,1.5367991047448524,0.975,1.787790196078431,1.1277461641991926,1.5635291300877892,1.1727,1.4873823039555867,0.9370785817655573,1.7667517314487635,1.0686,1.5062416787264834,1.1976,1.6260028925619836,0.9340026483050846,1.8016924311926605,1.0993738359201775,1.4946222929936306,,,,,,,,,,,,,,,,,,,0.8215,2.3179,0.7924,1.247,0.8989,0.9649,1.2863,1.7403,0.9537,1.9352,1.1485,1.6183,1.24802919921875,1.600451724137931,0.9557126745435015,1.877077704918033,1.1144,1.6152666666666669,1.2643164383561645,1.5409242598684212,0.9762,1.78685,1.1296520861372814,1.561468990384615,1.1692,1.487056068743287,0.933,1.7646172998246639,1.0671,1.502553545586107,16,17
0.8763,1.6187804973183813,0.8494666666666667,1.3327857142857142,0.9191333914559723,1.1195333333333333,0.9291645161290324,1.8453400000000002,0.8088,1.3192523923444976,0.9523738547486034,1.0693666666666666,1.135825,1.4857846153846155,0.9242750000000001,1.5957335810496986,1.040175,1.3180500000000002,1.20573,1.4876999999999998,0.9497250000000002,1.7507890188248714,1.0962104393389762,1.5691714285714287,1.22355,1.4901598973188819,0.9507078129806213,1.7433714285714286,1.1088643139190524,1.5517714285714284,1.1826583333333334,1.4356092011600314,0.9398302914336178,1.6977666666666666,1.076811253665689,1.5263076923076921,,,,,,,,,,,,,,,,,,,,,,,,,0.8550691176470587,2.0848,0.7971102213279677,1.2591205537306431,0.9128,1.0048000000000001,,,,,,,1.1902844517184943,1.463023727631885,0.9339714605902131,1.7004090909090908,1.0806586971350616,1.5065941176470585,,,,,,,1.1196645242914978,1.3177543859649123,0.9294874999999999,1.638016666666667,1.028851337359793,1.5264877199693958,1.0513065331582403,1.2230391541609824,0.9055127764127763,1.5454887317719843,0.9771593023255813,1.4501272727272727,1.2108,1.4486833333333333,0.9446526295731706,1.6761231404958679,1.1209015810276677,1.5435278446389495,,,,,,,,,,,,,,,,,,,0.8557263636363636,2.0845031376518217,0.7975833333333333,1.2591052585451359,0.9109666666666666,1.0047249999999999,,,,,,,1.188257858376511,1.463958351600175,0.9330913939937248,1.7003092485549134,1.0795499999999998,1.510727777777778,1.118931332868109,1.3181164667393672,0.9270166666666668,1.636250941243582,1.0268,1.5242975899005353,1.0491021747009786,1.2228333333333332,0.9060342501074345,1.5435809760956178,0.976657142857143,1.446588888888889,17,18
1.0791,1.8147,0.9027333333333334,1.7166,1.0441666666666667,1.41655,1.1594,1.5910199999999999,0.9537666666666667,1.8365,1.075,1.6224,0.8874999999999998,2.369,0.863846038172354,1.64786846361186,0.9759473557692308,1.2058333333333333,0.8838111111111111,2.1469,0.8288252208047104,1.4699106809078768,0.9362199999999999,1.0987795685279187,0.926575,2.1550000000000002,0.8336,1.5317,0.9751908923643055,1.1457,0.9430499999999999,2.09445,0.8372,1.5812,1.0119500000000001,1.177425,,,,,,,,,,,,,,,,,,,,,,,,,,,,,,,,,,,,,0.8973585487528344,2.057066666666666,0.8189960906263882,1.4502506081438393,0.9330395915161038,1.0891714285714285,,,,,,,1.0868701219512193,1.9661,0.8722740029542099,1.6163333333333334,1.0992036422067488,1.2297,1.0277995192307692,1.3855,0.8767125000000001,1.5162,0.9651216783216784,1.3644781517398745,1.1490000000000002,1.3900999999999997,0.9329085247349823,1.6396904382470119,1.07755,1.5305790804597699,,,,,,,,,,,,,,,,,,,,,,,,,,,,,,,0.8838357142857144,2.0614000000000003,0.8224142857142859,1.4463441320293398,0.9272600000000001,1.0887285714285715,1.08555,1.97005,0.8708287209302324,1.6161008462623414,1.0991,1.2295749999999999,1.0267555555555554,1.38582,0.879,1.5149333333333332,0.96705,1.3620709514170042,18,19
0.8232269230769232,1.697775,0.8178270176453573,1.2051058823529408,0.8746333333333333,0.986,0.857895431145431,2.1189099999999996,0.7922235294117648,1.2372698785015186,0.9117101694915256,0.9748516207737888,1.2084222222222223,1.5598648443157133,0.9388175965665236,1.6615117181153534,1.079022222222222,1.3490727272727272,1.3143317665890566,1.9003200000000002,0.9653,2.066839285714286,1.1456235679930038,1.5524615384615386,1.3377818181818182,1.6856874444153807,1.0035909090909092,1.9353208333333332,1.17874,1.6425832329054235,1.3148647058823528,1.6189863458017266,1.0047818181818182,1.8690094612352166,1.1646941176470589,1.6109999999999998,,,,,,,,,,,,,,,,,,,,,,,,,0.805,2.5788,0.7857,1.2265,0.8708,0.9407,,,,,,,1.2598409090909093,1.8573166666666667,0.9360115384615385,1.972294364222627,1.1066125,1.4592027777777774,,,,,,,1.2948499999999998,1.5799953482708233,0.9932086956521738,1.81859,1.1513538461538462,1.5723024390243905,1.1218928571428572,1.4202634171109418,0.9244238095238095,1.6817701513226289,1.0444444444444445,1.47083,1.196287276154571,1.5998680834378922,0.9428471189104242,1.7792973145570652,1.1215445232466508,1.5253239727819945,,,,,,,,,,,,,,,,,,,0.8039,2.5785,0.7915,1.223,0.8725,0.9388,0.8475,2.4338,0.8311,1.3465,0.9157,0.9916,1.2595999999999998,1.8616122370115933,0.9340434782608699,1.9724363636363635,1.1044683808200142,1.4632628571428574,1.2984434782608698,1.5800464624361776,0.9950889020070837,1.8186039999999999,1.1535090909090908,1.5723514285714284,1.1201,1.41985847558555,0.9234142857142861,1.6812172301866377,1.0445,1.4668387096774196,19,20
1.0024250000000001,1.181544021652603,0.9157669291338582,1.5777999999999999,0.9581923913043479,1.5437625,0.9282629629629631,1.8303285714285715,0.8552359492481202,1.5028569196428572,0.984064957809266,1.2119440493260683,0.8628340302491103,2.715607142857143,0.8136871888988364,1.4755648092584657,0.9992529411764707,1.0458324324324328,0.9169467734996777,2.3221166666666666,0.8071375015197569,1.420908126881223,1.020149804075235,1.0400430500397142,0.9990129617192748,1.8451909090909095,0.8393639830508475,1.3526789473684213,1.0347781692573406,1.063425,0.9950337230215828,1.5803833333333335,0.8228776381909548,1.3797864229765013,0.983974770642202,1.1219666666666666,,,,,,,,,,,,,,,,,,,1.0306268041237114,1.3780444444444446,0.9077127329192547,1.6176,1.0086304347826085,1.4699763819095477,0.9520597902097901,1.4722241040746196,0.8936139192197605,1.5088841783912927,0.9717538796811379,1.3368173913043477,0.9195600000000003,2.93535,0.8014666666666667,1.5010142857142859,1.073025,1.0477111111111113,0.9208912988115447,2.037419401723846,0.7960347826086955,1.3311379187455459,0.9917862925739813,1.0127419124553823,,,,,,,0.9815512883547299,1.4288683040935672,0.8266521739130431,1.4032409783110291,0.9437000841042894,1.1532250000000002,0.9409355888093687,1.244982759910247,0.8380888888888889,1.3486874633860575,0.9038139693948527,1.184476923076923,1.1821,1.5519500000000002,0.92258,1.7064734693877552,1.0803891855807741,1.4851203791469192,,,,,,,,,,,,,1.0456,1.412125,0.9246000000000001,1.6900564846416386,1.0208000000000002,1.5515492537313431,0.9541186098156785,1.4724394179089342,0.9008432432432432,1.5089011024908126,0.9736182719078857,1.334969230769231,0.9193,2.9169199999999997,0.8023166666666667,1.5005,1.0725500000000001,1.0478625,0.9208581923235661,2.037216922372338,0.7983131578947368,1.3311708333333334,0.9926026256693729,1.0146958333333331,0.9815003447161479,1.4288959871589084,0.8257054815016323,1.402,0.9437727272727272,1.1514499999999999,0.9390053664781821,1.2430458820830468,0.8361846153846153,1.348654813962409,0.9029327001891553,1.1826083333333335,20,21
0.8816731843575419,1.61974399494311,0.8412,1.3427,0.9214007531865585,1.13475,0.9327857142857141,1.8229499999999998,0.8079618263473052,1.3259992574257424,0.9564709008097166,1.083525,1.1114979360465116,1.4942600000000001,0.8961,1.6464225716282321,1.0225677950594694,1.364350469924812,1.20182787456446,1.50615,0.9507359710962286,1.771775,1.0962471402214022,1.5836166666666667,1.2196476474981328,1.5169846153846154,0.9566555555555555,1.7561777777777778,1.1097177121771218,1.5571396912350597,1.1765999999999999,1.4707635643564354,0.9389324427480917,1.701288932806324,1.0747499999999999,1.5139654353562002,,,,,,,,,,,,,,,,,,,,,,,,,0.8695574285714285,1.9861,0.802797507615619,1.285485663082437,0.9157769001148107,1.047526497005988,1.3025,1.705,0.9649,1.9175,1.1446,1.6326,1.186620126894607,1.4862538213998389,0.9331705882352942,1.7090083333333332,1.0785166666666666,1.5134899713467052,,,,,,,1.1278283305227657,1.3459000000000003,0.9300471659020275,1.654216666666667,1.032525,1.5334117647058827,1.0551777777777778,1.2434232897384305,0.9049375000000001,1.5643909090909092,0.9779860150062526,1.4626923076923077,1.1948822796492848,1.4382025581395348,0.9431269318552333,1.6773537979639783,1.10615,1.552992457573853,,,,,,,,,,,,,,,,,,,0.865218818181818,1.9871769364664922,0.8026335463917526,1.2856093596059113,0.9157019338303819,1.0447245091830273,1.2716,1.713,0.9286,1.8846,1.1315,1.6309,1.18666805740988,1.486793492695883,0.9350333333333333,1.7089999999999999,1.0799091298145507,1.5174042594385289,1.1258133333333333,1.34552,0.9291703703703705,1.6539473684210526,1.0317068165337202,1.5333187499999998,1.0542272727272726,1.2433186310395312,0.9079659212283043,1.56436,0.9799900000000001,1.4587995155314903,21,22
1.110675,1.6785,0.921125,1.78654,1.0511857142857142,1.5059001305483029,1.1745999999999999,1.5995282126412729,0.9606600000000001,1.8881166666666667,1.08405,1.6700444444444442,0.8903732919254659,2.4490038785834742,0.8649311258278146,1.6924333333333335,0.982831675592961,1.2237765607886089,0.8740051543302366,2.348622191011236,0.8393005154639175,1.5127665938864627,0.9388333333333334,1.0994964461994077,0.8897884892086331,2.3152552587646076,0.8266015037593984,1.5148666666666661,0.9509333333333333,1.114729634464752,0.8895962336664106,2.276904357798165,0.8247344532279316,1.5165272727272725,0.97395,1.1104936967632026,,,,,,,,,,,,,,,,,,,,,,,,,1.192925,1.6958963286713287,0.96765,1.8963035714285714,1.09494,1.648,0.8709,3.1302,0.8935,1.7964,1.0025,1.1882,0.8721397504456327,2.1998499999999996,0.8181,1.450003642384106,0.9223463726298434,1.0683243565599496,,,,,,,1.04965,2.121290740740741,0.8522276923076925,1.5557666666666667,1.0862291666666668,1.15805,1.023875,1.3773,0.869,1.4931419164037851,0.9552346308724831,1.3454643028270246,1.143,1.3934805309734513,0.9357399999999998,1.6689815637065637,1.0711092307692307,1.5528454545454544,,,,,,,,,,,,,,,,,,,1.19265,1.6974918392204628,0.9672418583256669,1.8967227848101267,1.0953791465932554,1.6431499999999999,0.8734,3.1284,0.8961,1.8025,1.0156,1.1982,0.8701833856694261,2.1994,0.8177276774969915,1.4504562913907286,0.9203526650366748,1.068537495652174,1.0552333333333332,2.1232574074074075,0.8508914285714286,1.55265,1.0852666666666666,1.15764,1.023925,1.37745,0.8687168761220826,1.491341666666667,0.9562799999999999,1.3419323398858591,22,23
0.8814975857687422,1.7250781143635125,0.8314322301199467,1.3565974169741697,0.9370144475920681,1.107288888888889,0.9868333333333333,2.0612274258219725,0.8176705583756346,1.3599839406502292,1.0454214285714287,1.0712285714285714,1.3417230769230772,2.0100116648992583,0.97112,2.150176923076923,1.17119,1.65833125,1.1883592592592591,1.5098818181818183,0.962363772310661,1.8300894736842106,1.0845,1.6465666666666663,1.1981391304347826,1.5333744212585585,0.9575394736842107,1.806761538461538,1.0932119999999996,1.6035597254315617,1.114145092378753,1.3573411764705883,0.946776470588235,1.775502944906298,1.0248380952380949,1.6622619047619047,,,,,,,,,,,,,,,,,,,,,,,,,,,,,,,,,,,,,1.170879166666667,1.4900111111111112,0.9437830691325405,1.7711720505785518,1.067926086956522,1.5682,,,,,,,1.1142307156942348,1.3417110091743119,0.9370087991473236,1.7125914171656687,1.0229285714285712,1.603418553008596,1.0190237233842094,1.2166581917128128,0.888435191460522,1.603543060565787,0.9517066606776176,1.5252222222222223,1.1381561525654609,1.4082955555555556,0.9477500000000002,1.7176651162790697,1.0667180440771349,1.5876938674579621,,,,,,,,,,,,,,,,,,,,,,,,,,,,,,,1.171014285714286,1.490175,0.943803058579575,1.7713631320224719,1.0678846153846153,1.5723,1.1162339414463622,1.341658139534884,0.9409491551126515,1.7091050125313285,1.0258872471152407,1.6032052631578946,1.0201999999999998,1.2168535937891312,0.8972279625779626,1.5999908068783069,0.9555566376048693,1.5216014705882352,23,24
0.9939666666666667,1.3077,0.9181714285714285,1.6353552526595743,0.9748749999999999,1.560325,0.9446333333333333,1.9830318034906271,0.821175,1.3508666666666667,1.0050333333333334,1.0864666666666667,1.0494,1.7591785824345147,0.8633526859504133,1.596,1.0059,1.2723122406639005,1.15132,1.4548059219380889,0.9489111111111111,1.7483123006833714,1.062025,1.5953699999999997,1.1796,1.5126857142857142,0.9475639321074965,1.7442375,1.0858,1.5520492565055763,1.11972,1.4871999999999999,0.9261890981169474,1.66182,1.046166666666667,1.47785,,,,,,,,,,,,,,,,,,,,,,,,,0.8742,2.127,0.8172,1.3674,0.9501,1.0824,,,,,,,1.1472232294617561,1.4556760439560439,0.9342235,1.7039833333333334,1.0573,1.518042893309222,,,,,,,1.08485,1.2977999999999998,0.9243045339136742,1.6697499999999998,1.00318,1.5760432568550644,1.0172383989145184,1.2099649546827795,0.891487764084507,1.5764749999999998,0.954568456375839,1.49024,1.1518000000000002,1.4187400000000001,0.9457799999999998,1.69245,1.0754,1.5527777777777778,,,,,,,,,,,,,,,,,,,0.8749,2.1271,0.8203,1.3841,0.9495,1.0882,,,,,,,1.14724,1.455843181818182,0.9340920544835415,1.7016199999999997,1.0582333333333334,1.5252000000000001,1.087118885869565,1.2980333333333334,0.9309667135819846,1.6664666666666665,1.0063892617449666,1.572385714285714,1.017125,1.21,0.8981978927203066,1.5758750000000001,0.9576832411067192,1.4854333333333332,24,25
0.9947363636363634,1.2910175293010524,0.9230628649635036,1.591633058702369,0.9799681725681727,1.529576923076923,0.8785272727272727,2.205046030548746,0.7966148169668796,1.2783644039388222,0.9675719276739198,1.002929518072289,1.31355,1.89225,0.982125,2.0028,1.16505,1.6700666666666664,1.155114234716644,1.426750806013403,0.9399876596665941,1.7022457931034485,1.0629760625219526,1.5524799999999994,1.1645493216630196,1.391566867204695,0.948485714285714,1.7059793103448277,1.0706,1.5722061546418413,1.09812586544742,1.28816009771987,0.9362778793985428,1.6455655172413792,1.0183418375717803,1.5527728104668612,,,,,,,,,,,,,,,,,,,0.8409055555555555,2.41952,0.8114994502977554,1.3612739870661208,0.9832632512315271,1.0137834824953935,,,,,,,,,,,,,1.1273668481219379,1.3622240000000003,0.9348055555555553,1.671084960188735,1.0403086956521737,1.5370371794871802,,,,,,,1.09116,1.272195759947815,0.9255062658133648,1.5987185185185186,1.0105307692307692,1.509644471658503,1.0190621787709495,1.286200138312586,0.8878771852980386,1.4891901250000001,0.9757506606765327,1.3467671658045197,1.1039864928909953,1.486972909220872,0.9059546176579237,1.5968058439110215,1.0574070873979695,1.407164954806902,,,,,,,,,,,,,0.8309666666666666,2.4015375,0.8330704871060173,1.3534620689655172,0.9834820947176685,1.0097636363636364,,,,,,,,,,,,,1.1274789473684212,1.362296137955811,0.9352936120672204,1.6690566666666669,1.0407611111111112,1.5409237499999995,1.0912315789473686,1.2723694254999416,0.9255013820335632,1.596560714285714,1.0110133828207846,1.5096445518387074,1.0179609225039394,1.2861451937296657,0.8865257717410477,1.4872301793043858,0.9748321488062188,1.3444779366249082,25,26
0.9907649842271293,1.224419583706356,0.9210851134846463,1.5516845025510206,0.9665982703395261,1.5011513752455796,0.8837101808905381,2.061028861788617,0.8042083333333335,1.2783818181818178,0.9468511908350917,1.0188000000000001,1.4167611842105265,2.1296933333333334,1.022738452427951,2.1993009057971014,1.2453833333333333,1.69327118226601,1.2844724915445322,1.9671833333333335,0.9828635974304069,1.9821755642787047,1.161058292443572,1.5319666666666667,1.2560041543026708,1.8104928571428571,0.98875,1.923714285714286,1.1380636363636365,1.5209224219084299,1.0922053435114505,1.28730817361894,0.9249,1.6007353833865816,1.0140442144873,1.4796865168539326,,,,,,,,,,,,,,,,,,,0.8880556415929204,2.184277942948975,0.8676333333333334,1.4637755642787047,1.0037666666666667,1.1347,,,,,,,,,,,,,1.174715484589677,1.811425,0.9308692307692308,1.8776004926108372,1.0833523809523808,1.4659544401544398,,,,,,,1.0892828051247472,1.271077086743044,0.9191866283839213,1.5513991297468355,1.0091633278145695,1.4422145545796736,0.9936856453558504,1.1453856209150326,0.8837,1.4835979793977812,0.9380747774480711,1.4150921737055595,1.1187330935251796,1.317527897574124,0.9324250000000002,1.6043571428571428,1.04838,1.5027008417508414,,,,,,,,,,,,,0.886275,2.1605,0.8864,1.4621,1.003125,1.142,,,,,,,,,,,,,1.17483429991715,1.8102,0.9300577717879606,1.8761364665354332,1.0834516213847503,1.4699482541222115,1.0890054560260587,1.2711444444444444,0.9171162408759124,1.5494333333333337,1.008175,1.4407230337078651,0.9955831824062095,1.1455640663390665,0.8923135524538495,1.4830241887905606,0.9421980961015414,1.4130132222222225,26,27
0.8531222222222223,1.5249396874127827,0.844,1.2447714285714284,0.8936997641509434,1.05145,0.87845,2.028771440823328,0.8081925499370164,1.2763193548387095,0.9402333333333334,1.0106095238095238,1.2127571428571429,1.5603636363636364,0.9547510226343059,1.641655634807418,1.0958422693585486,1.3302166666666666,1.2249900348432057,1.779169107714184,0.9486265306122449,1.8689,1.1005931804820694,1.4393583619702175,1.2803000000000002,1.5721292826342612,0.9974855022266202,1.8367081103000815,1.1489293309703148,1.5870366691701085,1.2608666666666666,1.5253741821605082,0.9938230769230769,1.795450884955752,1.135942257217848,1.5720206896551727,,,,,,,,,,,,,,,,,,,,,,,,,0.8026,1.7891,0.7905,1.0593,0.8619,0.8799,,,,,,,1.20009,1.5015307692307691,0.9593846222222221,1.7726166666666667,1.088351951951952,1.5343337572254334,,,,,,,1.2275000000000003,1.4823747349823322,0.9750332169358359,1.7315428571428573,1.1098721179624664,1.5146719920450777,1.0103163349347974,1.16888674604213,0.8908836359658718,1.4913865315718766,0.949451437216339,1.4091956353055284,1.13038,1.3388610208816705,0.9455818181818181,1.6223264649066327,1.0569129965046073,1.4970621532675128,,,,,,,,,,,,,,,,,,,0.8189,2.0395,0.7949,1.1413,0.8918,0.9196,,,,,,,1.200407142857143,1.5015308241898444,0.9587142857142857,1.7724666666666666,1.0873636863136864,1.5381728723404253,1.2255792576419215,1.4820009162303664,0.9731333333333334,1.7298666666666669,1.1097727272727274,1.514587107001321,1.0122494605337875,1.1691331790837574,0.900123163507109,1.491079932017257,0.9538425925925926,1.4051277637397348,27,28
0.9641499999999998,1.103556259723246,0.9037084824387014,1.4911491942324004,0.9324166249999999,1.4733605521472393,0.9829135723431498,1.3609214906136173,0.9172269995707545,1.5320541666666667,0.977336816023126,1.413174379971923,0.8571394753394754,2.684723529411765,0.8520755295963734,1.6582714285714286,0.9618914303638644,1.1661180737661225,0.8582505778382055,2.424,0.8500937500000002,1.4910499999999998,0.9326544966830109,1.0657065217391306,0.8952499999999998,2.237108333333333,0.8344034388075313,1.470581707317073,0.9643283311530555,1.0985263157894736,1.004750384418247,1.9551193316195377,0.8354470927549608,1.4835758445945944,1.0306727272727274,1.1533142857142855,,,,,,,,,,,,,,,,,,,,,,,,,1.0055755871108685,1.2916,0.9198837744533948,1.5955634802091112,0.97354375,1.5206858316221767,,,,,,,0.860346745660881,2.3634083333333336,0.8188219512195121,1.4326096580310879,0.9173685903182432,1.0342432432432433,,,,,,,1.2005402985074627,1.8456958602417615,0.9109300621118013,1.7414265690376574,1.079495060577819,1.364410681735326,0.9691705882352941,1.2137236833602583,0.8454830051411388,1.436498755542841,0.9057056318197819,1.3783727272727273,1.2494636363636362,1.5948781868898187,0.985618181818182,1.815342105263158,1.12365,1.6106285714285715,,,,,,,,,,,,,,,,,,,0.9988945544554455,1.284512048192771,0.9273418852459016,1.591803966789668,0.9713784615384615,1.5221677799607072,,,,,,,0.8583844243005316,2.3638765065913367,0.8178823257960315,1.4316178464400122,0.9173815789473686,1.0341803921568626,1.200282911392405,1.8455535087719304,0.9108491389207808,1.7410980461811723,1.0795363182304674,1.3644891281233384,0.9722681765219924,1.215709672356288,0.8552257549002295,1.4364906250000002,0.9096454259259259,1.3753625,28,29
