1_2_LC08_172029_20150423_blue,1_2_LC08_172029_20150423_green,1_2_LC08_172029_20150423_red,1_2_LC08_172029_20150423_nir,1_2_LC08_172029_20150423_swir1,1_2_LC08_172029_20150423_swir2,1_2_LC08_172029_20150610_blue,1_2_LC08_172029_20150610_green,1_2_LC08_172029_20150610_red,1_2_LC08_172029_20150610_nir,1_2_LC08_172029_20150610_swir1,1_2_LC08_172029_20150610_swir2,1_2_LC08_172029_20150712_blue,1_2_LC08_172029_20150712_green,1_2_LC08_172029_20150712_red,1_2_LC08_172029_20150712_nir,1_2_LC08_172029_20150712_swir1,1_2_LC08_172029_20150712_swir2,1_2_LC08_172029_20150728_blue,1_2_LC08_172029_20150728_green,1_2_LC08_172029_20150728_red,1_2_LC08_172029_20150728_nir,1_2_LC08_172029_20150728_swir1,1_2_LC08_172029_20150728_swir2,1_2_LC08_172029_20150813_blue,1_2_LC08_172029_20150813_green,1_2_LC08_172029_20150813_red,1_2_LC08_172029_20150813_nir,1_2_LC08_172029_20150813_swir1,1_2_LC08_172029_20150813_swir2,1_2_LC08_172029_20150829_blue,1_2_LC08_172029_20150829_green,1_2_LC08_172029_20150829_red,1_2_LC08_172029_20150829_nir,1_2_LC08_172029_20150829_swir1,1_2_LC08_172029_20150829_swir2,1_2_LC08_172029_20150930_blue,1_2_LC08_172029_20150930_green,1_2_LC08_172029_20150930_red,1_2_LC08_172029_20150930_nir,1_2_LC08_172029_20150930_swir1,1_2_LC08_172029_20150930_swir2,1_2_LC08_173028_20150414_blue,1_2_LC08_173028_20150414_green,1_2_LC08_173028_20150414_red,1_2_LC08_173028_20150414_nir,1_2_LC08_173028_20150414_swir1,1_2_LC08_173028_20150414_swir2,1_2_LC08_173028_20150430_blue,1_2_LC08_173028_20150430_green,1_2_LC08_173028_20150430_red,1_2_LC08_173028_20150430_nir,1_2_LC08_173028_20150430_swir1,1_2_LC08_173028_20150430_swir2,1_2_LC08_173028_20150516_blue,1_2_LC08_173028_20150516_green,1_2_LC08_173028_20150516_red,1_2_LC08_173028_20150516_nir,1_2_LC08_173028_20150516_swir1,1_2_LC08_173028_20150516_swir2,1_2_LC08_173028_20150601_blue,1_2_LC08_173028_20150601_green,1_2_LC08_173028_20150601_red,1_2_LC08_173028_20150601_nir,1_2_LC08_173028_20150601_swir1,1_2_LC08_173028_20150601_swir2,1_2_LC08_173028_20150719_blue,1_2_LC08_173028_20150719_green,1_2_LC08_173028_20150719_red,1_2_LC08_173028_20150719_nir,1_2_LC08_173028_20150719_swir1,1_2_LC08_173028_20150719_swir2,1_2_LC08_173028_20150804_blue,1_2_LC08_173028_20150804_green,1_2_LC08_173028_20150804_red,1_2_LC08_173028_20150804_nir,1_2_LC08_173028_20150804_swir1,1_2_LC08_173028_20150804_swir2,1_2_LC08_173028_20150820_blue,1_2_LC08_173028_20150820_green,1_2_LC08_173028_20150820_red,1_2_LC08_173028_20150820_nir,1_2_LC08_173028_20150820_swir1,1_2_LC08_173028_20150820_swir2,1_2_LC08_173028_20150905_blue,1_2_LC08_173028_20150905_green,1_2_LC08_173028_20150905_red,1_2_LC08_173028_20150905_nir,1_2_LC08_173028_20150905_swir1,1_2_LC08_173028_20150905_swir2,1_2_LC08_173028_20150921_blue,1_2_LC08_173028_20150921_green,1_2_LC08_173028_20150921_red,1_2_LC08_173028_20150921_nir,1_2_LC08_173028_20150921_swir1,1_2_LC08_173028_20150921_swir2,1_2_LC08_173028_20151007_blue,1_2_LC08_173028_20151007_green,1_2_LC08_173028_20151007_red,1_2_LC08_173028_20151007_nir,1_2_LC08_173028_20151007_swir1,1_2_LC08_173028_20151007_swir2,1_2_LC08_173029_20150414_blue,1_2_LC08_173029_20150414_green,1_2_LC08_173029_20150414_red,1_2_LC08_173029_20150414_nir,1_2_LC08_173029_20150414_swir1,1_2_LC08_173029_20150414_swir2,1_2_LC08_173029_20150430_blue,1_2_LC08_173029_20150430_green,1_2_LC08_173029_20150430_red,1_2_LC08_173029_20150430_nir,1_2_LC08_173029_20150430_swir1,1_2_LC08_173029_20150430_swir2,1_2_LC08_173029_20150516_blue,1_2_LC08_173029_20150516_green,1_2_LC08_173029_20150516_red,1_2_LC08_173029_20150516_nir,1_2_LC08_173029_20150516_swir1,1_2_LC08_173029_20150516_swir2,1_2_LC08_173029_20150601_blue,1_2_LC08_173029_20150601_green,1_2_LC08_173029_20150601_red,1_2_LC08_173029_20150601_nir,1_2_LC08_173029_20150601_swir1,1_2_LC08_173029_20150601_swir2,1_2_LC08_173029_20150719_blue,1_2_LC08_173029_20150719_green,1_2_LC08_173029_20150719_red,1_2_LC08_173029_20150719_nir,1_2_LC08_173029_20150719_swir1,1_2_LC08_173029_20150719_swir2,1_2_LC08_173029_20150804_blue,1_2_LC08_173029_20150804_green,1_2_LC08_173029_20150804_red,1_2_LC08_173029_20150804_nir,1_2_LC08_173029_20150804_swir1,1_2_LC08_173029_20150804_swir2,1_2_LC08_173029_20150905_blue,1_2_LC08_173029_20150905_green,1_2_LC08_173029_20150905_red,1_2_LC08_173029_20150905_nir,1_2_LC08_173029_20150905_swir1,1_2_LC08_173029_20150905_swir2,1_2_LC08_173029_20150921_blue,1_2_LC08_173029_20150921_green,1_2_LC08_173029_20150921_red,1_2_LC08_173029_20150921_nir,1_2_LC08_173029_20150921_swir1,1_2_LC08_173029_20150921_swir2,system:index,field_id
0.0635702436775553,0.09485421912332294,0.12620082518285425,0.2035583420099593,0.34326330543933053,0.26415005185185186,0.05334505952380951,0.10046749177485331,0.11159715056526207,0.3236807258064517,0.3247893283927031,0.21833698932401852,0.022099460871150937,0.0676295022662802,0.04563962358598996,0.5204077571196694,0.20847863453773036,0.091300268311292,0.022351178074297384,0.07888793525500054,0.054460380570753024,0.44673807931233755,0.19576044142570737,0.08959107142857144,0.050644341347219124,0.10655333135250772,0.114961796875,0.2875895842446334,0.23070782051282052,0.1408913095238095,0.049450146730536715,0.0821642904212756,0.1091527652963671,0.2094837637362638,0.28757602895538126,0.20754965189873417,,,,,,,,,,,,,,,,,,,0.07392749999999998,0.11854624999999999,0.15481191176470588,0.27564,0.3647033333333333,0.26852272887323947,0.067146,0.1146055,0.1399,0.3194357142857142,0.38744950000000006,0.2756478571428571,,,,,,,0.029423220084715845,0.0911112254901961,0.07373091134601645,0.3813726875000001,0.19869848264076273,0.09815445543783106,,,,,,,0.04920053255786303,0.07824320652173913,0.1066824553571429,0.1967690203373015,0.2902828930852236,0.20651549575483727,0.06236833468874757,0.10098152173913041,0.1379400166508087,0.24169759002375305,0.32575129427792915,0.23488803499085206,,,,,,,,,,,,,,,,,,,0.07233250000000002,0.118453879093199,0.15494348802395208,0.280906525,0.36195163173652695,0.26402125,0.067795,0.11517749999999999,0.13943250000000001,0.32533249999999997,0.392955,0.27619,,,,,,,0.026974827457795433,0.09058149999999997,0.07370925463188688,0.38137900215620507,0.19871471872099636,0.09911278923766814,0.048702909921007356,0.07800683012870209,0.106675375443787,0.19680479619999083,0.2897413027793919,0.20554502003585365,0.061417084784355744,0.10035887427050272,0.13748000000000002,0.2417318735383282,0.3256876035774347,0.23390553703494607,0,1
0.03528661780692852,0.05456620566720848,0.04371305255366394,0.28952320312499996,0.18503145114942526,0.11766303738317758,0.019639624281170685,0.054322519213034125,0.044674558865819294,0.3532592951863149,0.15867918821506513,0.08446053717399765,0.05921281574515856,0.10035065789473684,0.14212239597591023,0.24499651578947365,0.2720098111735331,0.18309866555482476,0.07449102114518998,0.12670296351730587,0.18216737501775312,0.3413804375214261,0.3795188235294118,0.24069045983441487,0.040403838545843354,0.051391392617449676,0.0578480230881882,0.08495150120146704,0.14898336956521738,0.16429715000581868,0.04984661079745943,0.061626537035997096,0.07641625586854461,0.11863403548030775,0.2319642708333334,0.2448980178690839,,,,,,,,,,,,,,,,,,,0.03078527994941365,0.05700697678447679,0.030758095488222937,0.543875,0.1963283718282368,0.09089008928571428,0.01828236651835372,0.04525059206447613,0.028046854015952496,0.4388027884615385,0.1500267135445112,0.06877363945578231,,,,,,,0.06958113176599234,0.1252219528301887,0.1811692070759625,0.34919512534006997,0.3760550785969671,0.22899259475939351,,,,,,,0.044481620682263585,0.05772020869199664,0.07202051678538154,0.11083110581694,0.21244622731731239,0.2131641420807453,0.047492600331988565,0.06212654837457768,0.0759228789808917,0.12065985357609026,0.2221243901351008,0.21069092509468373,,,,,,,,,,,,,,,,,,,0.03387499999999999,0.056914821428571426,0.02877772333044232,0.54540125,0.19434725000000003,0.09099197368421053,0.017683468426013184,0.044687240406320536,0.0271235767914845,0.43648752744510977,0.14989533333333332,0.06790497277227722,,,,,,,0.06958257985342922,0.12477642066420666,0.18118701449794167,0.34915471056687786,0.3759383569379706,0.22988857057890566,0.046817155056368846,0.05894633720169276,0.07251675292114473,0.11179245253435685,0.21238514097744357,0.21269490744118186,0.04992096038434527,0.06311847308031776,0.07641402206592936,0.12065474105461393,0.22123853918972922,0.20969758885875384,1,2
0.026666559416715023,0.04278838218793829,0.02792987179487179,0.30761798144876323,0.140365114659831,0.07884843728984534,0.016170353868147757,0.04790674418604652,0.034797075471698115,0.39203551592988645,0.139424362244898,0.06665016304347826,0.06665561598812551,0.10815515801590624,0.15180900067434383,0.26904274999999994,0.28280170997921,0.18018179204411183,0.07348964683059088,0.13062627071823205,0.18987400463788798,0.3589268285067873,0.3955290464495001,0.24270640465621457,0.07202618055555557,0.13139919802276812,0.1908569797936372,0.36242694444444457,0.37201117187500005,0.22028791434927697,0.06811402299774845,0.11650764042623493,0.16846000000000003,0.32327009118622313,0.35589767689906354,0.22998361839125092,,,,,,,,,,,,,,,,,,,,,,,,,0.016053486079224296,0.038638491472172375,0.020045642172475658,0.49121755107003895,0.13191281941916463,0.05415058167123032,,,,,,,0.06716530561955965,0.12768731797881178,0.18606988095238094,0.3661163185706061,0.3818570071842242,0.22508879087405198,,,,,,,0.0651921196454948,0.11446975924954077,0.16841138214745355,0.3115147705270706,0.35261654411764703,0.2241000509369676,0.05089744651921682,0.07993621758986447,0.10517442083333334,0.19978578639137065,0.28656804649513773,0.20656379392772878,,,,,,,,,,,,,,,,,,,,,,,,,0.01905819956724974,0.03863459133679703,0.018979620036691156,0.49323195627056937,0.13174038552895503,0.053164846446887404,,,,,,,0.06713378497432265,0.12767559834123224,0.18601451782931525,0.366176550094518,0.3816957148683722,0.22602784204671855,0.06609458333333335,0.11448449999999996,0.16748112499999998,0.31154772058823527,0.3526254009095261,0.22316494774678824,0.05138263342787158,0.07947109954083306,0.10476264075887394,0.19975549684027016,0.285634080572712,0.20559128470281351,2,3
0.06016268018622975,0.08996845614614805,0.11842741142706338,0.19458838780076287,0.3188832563083594,0.25053293802239396,0.057977499999999994,0.09580783783783783,0.12329942857142857,0.23348404494382033,0.30519295489986864,0.2377788768115942,0.0423556626724764,0.07383527067001922,0.05736009533366784,0.3779260912443874,0.24975087081712066,0.14886761528112818,0.028694986722306522,0.06162857936195352,0.04859752061073738,0.3365174949855836,0.20264597656250002,0.11275906305506211,0.03063323102134822,0.07554518023069531,0.0705343593106996,0.33444711242742825,0.22312270708697646,0.12549539215686273,0.028928528269252587,0.07653514084507045,0.07008746624915622,0.3296292226092464,0.22120822494827075,0.12452677453353923,,,,,,,,,,,,,,,,,,,0.02433125,0.056433553811659196,0.04868249999999999,0.19822975609756097,0.16553,0.09885625,0.05615004169369771,0.0903120308854073,0.11959047752808989,0.2157350771294433,0.31006514705882354,0.23973388632429327,,,,,,,0.029173065683035192,0.07442911790422384,0.06907316009463722,0.32861719848642584,0.21727590422104073,0.12354379634962918,,,,,,,0.03650084061135372,0.09193083333333334,0.09783803879310346,0.3071251948346171,0.2338952648922687,0.13628770341483978,0.03943964039345938,0.06848629828966338,0.08629442893401014,0.19208590154550656,0.22390109567110658,0.17156762681958532,,,,,,,,,,,,,,,,,,,0.02512874999999999,0.05675374999999999,0.04679875,0.198035,0.16723853188662532,0.10316,0.05639440362744757,0.08934769959240857,0.11864647222222219,0.21575713311996197,0.3100044230769231,0.238767337962963,,,,,,,0.029160644185744017,0.07394422765683187,0.0690839466292135,0.32859589445403203,0.21724410603371785,0.1235793935670015,0.035292015015015006,0.09170166666666668,0.09744337604290823,0.3071137189802978,0.23293199881876475,0.13620555543525337,0.03894633009453782,0.06823131983662767,0.08581655199374512,0.19216013454638647,0.22388811343612336,0.17067188937351307,3,4
0.04332,0.05753750000000002,0.06752000000000002,0.12360625,0.23168304347826088,0.21143486607142858,0.0774475,0.12406135802469138,0.10799999999999998,0.50838625,0.18139078807740328,0.09545460151006713,0.039525000000000005,0.09003010853293412,0.09884564399421125,0.3610721967654987,0.23310328718354437,0.1409923678414097,0.04059750000000001,0.08668749999999997,0.1076975,0.3285666037735849,0.27601125,0.16592581967213116,0.09504750000000001,0.1504875,0.20042749999999998,0.349285,0.3782294290123457,0.26336125,0.0544575,0.08578000000000002,0.10993013333333333,0.18820208221024257,0.2781975,0.23027757478632477,,,,,,,,,,,,,,,,,,,,,,,,,0.0264887356321839,0.07993837174348697,0.05059379518072289,0.5379848113207548,0.1829188189655172,0.07971625,,,,,,,0.0431,0.08627701219512195,0.1124172756410256,0.3261025,0.27853770161290325,0.163275,,,,,,,0.05497999999999997,0.08635749999999998,0.11245500000000003,0.1837625,0.27268604691075515,0.21950001229508195,0.04299,0.06083749999999999,0.07665,0.134235,0.23678249999999998,0.20391083333333335,0.052202499999999985,0.0835525,0.10280250000000002,0.16806,0.2638425,0.21868749999999998,,,,,,,,,,,,,,,,,,,0.027260000000000006,0.07986211024498886,0.04987445558739254,0.534195,0.18310587116912597,0.0798112584231806,,,,,,,0.0415325,0.0864125,0.11209750000000002,0.32654869877049175,0.27784821839080465,0.16366000000000003,0.05353625000000001,0.085725,0.1116797206303725,0.18403750000000002,0.2722025,0.21906794672131147,0.044997499999999996,0.0615788190184049,0.07728249999999998,0.13369,0.236095,0.20294541666666666,4,5
0.029239999999999988,0.04705999999999999,0.03408,0.31172000000000005,0.15937,0.09540500000000002,0.019779999999999992,0.055530000000000024,0.046619999999999995,0.33581,0.1596725,0.08456999999999998,0.041972499999999996,0.07651249999999998,0.10085,0.23098000000000002,0.23433500000000002,0.150515,0.06807000000000002,0.11836750000000001,0.15939750000000003,0.26728,0.333335,0.25353,0.07279999999999998,0.1201275,0.15948,0.2569125,0.33515,0.26315500000000003,0.07579750000000002,0.11919249999999998,0.15774749999999998,0.247205,0.326845,0.2587,,,,,,,,,,,,,,,,,,,0.02761749999999999,0.05646499999999999,0.028607500000000008,0.5854275,0.1970175,0.09622999999999998,0.01686499999999999,0.04436499999999999,0.02453749999999999,0.46979,0.14988249999999997,0.06862000000000001,,,,,,,0.06685999999999998,0.10962250000000001,0.1471325,0.24838749999999998,0.332015,0.2605425,,,,,,,0.07136999999999999,0.11443500000000001,0.15277000000000002,0.23493999999999998,0.31425,0.2477275,0.06273499999999999,0.0986225,0.128625,0.2162675,0.3027,0.23213499999999998,0.06229499999999999,0.10755999999999999,0.13497750000000003,0.2642275,0.3159825,0.23098000000000002,,,,,,,,,,,,,,,,,,,0.020852499999999996,0.046152499999999985,0.025389999999999996,0.469845,0.15045999999999998,0.0691425,,,,,,,0.06606250000000002,0.10909999999999997,0.14628000000000002,0.24827749999999998,0.33160249999999997,0.26145,0.07169999999999999,0.11388500000000001,0.152935,0.2354075,0.31403,0.2472875,0.061305,0.09779749999999998,0.12826749999999998,0.2163775,0.30236999999999997,0.23109000000000002,5,6
0.05271291208791211,0.07147999999999999,0.08548326779026216,0.15431,0.27389375000000005,0.255015,0.03220999999999999,0.07008324175824177,0.05401672607879928,0.34846000000000005,0.23455499999999999,0.13250250000000002,0.028827500000000006,0.066585,0.037599999999999995,0.4403925,0.2119225,0.10214250000000002,0.04217098529411764,0.08707535714285713,0.09688999999999998,0.32533249999999997,0.2848443480300188,0.17068610677083337,0.042111216814159295,0.0880863926746167,0.10439095873786408,0.3231325,0.27856064975247524,0.16522672379032258,0.05170750000000002,0.09006999999999998,0.11908249999999998,0.2752956466512702,0.3063423922800718,0.204525,,,,,,,,,,,,,,,,,,,0.06014999999999998,0.08869500000000002,0.0860825,0.27476,0.295935,0.23392249999999998,0.040569999999999995,0.073625,0.05979249999999997,0.3106475,0.264145,0.16162500000000002,,,,,,,0.038903593220339,0.08192154392764858,0.09474500000000002,0.32166125,0.27597,0.16062700000000002,,,,,,,0.0519,0.08903567961165049,0.11960500000000002,0.26304500000000003,0.3048175,0.2007585155096012,0.044584999999999986,0.06599391369047618,0.08122423913043479,0.1705625,0.23492674107142858,0.1934975,0.051804955277280865,0.08562416666666667,0.10551557142857143,0.199905,0.27368750000000003,0.21624,,,,,,,,,,,,,0.050992499999999996,0.08217750000000001,0.08388250000000003,0.2623025,0.294835,0.23862500000000003,0.042082499999999995,0.07387861111111109,0.05877500000000002,0.30941,0.257435,0.1603325,,,,,,,0.0386725,0.08192841040462427,0.09462839677891655,0.32093184782608697,0.27586,0.16147375,0.05151499999999998,0.08878666666666668,0.11934504194630872,0.26288,0.30426749999999997,0.20025295918367347,0.04506113416320885,0.0658975,0.0808025,0.1700125,0.2345410863095238,0.19247902400835076,6,7
0.0309175,0.04987875,0.03475374999999999,0.31890300000000005,0.16729,0.09449358681462142,0.018250872093023257,0.05124687500000001,0.03740750000000001,0.3733765566037736,0.14577583333333335,0.07248549126637553,,,,,,,0.070655,0.11730416666666665,0.15897125,0.26248812499999996,0.33344892857142855,0.25555613751406075,0.06946071428571429,0.11459312500000002,0.15353999999999998,0.242949375,0.3206261126662002,0.2553658090024331,0.06629597203504044,0.10779830139372822,0.14539999999999997,0.22530583333333332,0.30196666666666666,0.2444446875,,,,,,,,,,,,,,,,,,,0.036500000000000005,0.062460000000000016,0.037654999999999994,0.5674975,0.21071250000000002,0.10698249999999998,0.1926175,0.2092275,0.20216,0.459945,0.3074575,0.22658,,,,,,,0.06379674290220819,0.10386583333333334,0.13943311748195666,0.23292950604838705,0.31698350000000003,0.25053125302297463,,,,,,,0.06429195965417867,0.10522671482412062,0.14096791666666666,0.2150575,0.28868678571428574,0.23296343749999998,0.05550250000000001,0.0897242857142857,0.11697387493784187,0.20441613721804516,0.27863653616703954,0.21228411748633882,0.054081666666666674,0.09873937499999999,0.12379285714285714,0.2424475,0.28364904622741766,0.20635180521091812,,,,,,,,,,,,,,,,,,,0.054815,0.08962999999999999,0.064,0.47661000000000003,0.24065999999999999,0.1584625,,,,,,,0.06407638888888889,0.104106,0.13939605977062197,0.23283625,0.3168114285714286,0.2523688888888889,0.06433,0.10525916666666667,0.1407855,0.21503000000000003,0.28848853818615755,0.23282642857142857,0.054280023428886444,0.0890415,0.11594315208667737,0.20446152831094047,0.2778666232921275,0.2113188524590164,7,8
0.047087500000000004,0.0657875,0.07827250000000002,0.1556575,0.2574075,0.2335375,0.042660000000000003,0.078795,0.07299250000000002,0.29117750000000003,0.2521275,0.18566,0.026242500000000002,0.061524999999999996,0.038122500000000004,0.47847999999999996,0.21976,0.10654249999999998,0.027205000000000007,0.07423000000000002,0.06446750000000001,0.40989500000000006,0.21978750000000002,0.1171025,0.045410000000000006,0.09702749999999999,0.11163000000000001,0.37351249999999997,0.2602125,0.1484525,0.042192499999999994,0.0827,0.1044525,0.321015,0.2586175,0.1552175,,,,,,,,,,,,,,,,,,,,,,,,,0.05154249999999999,0.07997749999999998,0.07906999999999997,0.2796825,0.27839,0.2196225,,,,,,,0.0327325,0.07917999999999997,0.08006000000000002,0.3794525,0.23851499999999998,0.13033,,,,,,,0.06257000000000001,0.10931999999999997,0.14716,0.34395000000000003,0.30616499999999996,0.18574249999999998,0.044749999999999984,0.0776675,0.10368250000000001,0.21954,0.2618625,0.18035250000000003,0.04986499999999999,0.09482750000000001,0.12029250000000002,0.24913000000000002,0.29379,0.2002625,,,,,,,,,,,,,,,,,,,0.05132249999999999,0.07906999999999997,0.08143499999999998,0.28191,0.276795,0.21811000000000003,,,,,,,0.03135750000000001,0.07906999999999997,0.07838250000000002,0.3778025,0.237195,0.1303025,0.061415,0.10943000000000003,0.1469125,0.3441975,0.30589000000000005,0.18516500000000002,0.043842500000000006,0.0772275,0.103105,0.21965,0.26158750000000003,0.17939,8,9
0.055084090121317146,0.07379000000000002,0.08336916666666666,0.17237199999999997,0.2669801040582726,0.241705873015873,0.021064533426183855,0.05828,0.045575,0.3782791666666667,0.17605923728813563,0.09161878865979381,0.03198999999999999,0.07295188162544171,0.07829225151253241,0.3268255341055341,0.24734439917127074,0.14090251508042897,0.04362250000000001,0.09035302083333335,0.10794299438990183,0.3381365,0.304625,0.18047166666666667,0.05022663939790576,0.09577485421166305,0.12139250000000001,0.32784236401673633,0.306715,0.1828,0.05005749999999998,0.08888750000000001,0.11382999999999999,0.2884,0.296595,0.1905398469387755,,,,,,,,,,,,,,,,,,,0.041326249999999995,0.07085450870010236,0.04669572406340058,0.403955,0.21359999999999998,0.12991750000000002,0.02381801215277778,0.0533575,0.030470567548746517,0.4423944597887897,0.1739865191053122,0.08232218682505399,,,,,,,0.042550000000000004,0.08606832095096585,0.10754625000000001,0.322919375,0.29946065277777784,0.17551250000000002,,,,,,,0.06268920275590552,0.10367841309823679,0.1405325,0.28848555014749266,0.3347595,0.2168945,0.04676666666666667,0.07403750000000002,0.091665,0.20248688588850172,0.26282190772532193,0.1908772339055794,0.053614166666666664,0.0921325,0.11536999999999999,0.23297375,0.29973916666666667,0.21672428714859437,,,,,,,,,,,,,0.03298000000000001,0.066695,0.0413125,0.36859000000000003,0.20590000000000003,0.13077,0.02571575757575758,0.05386786016949153,0.0301915,0.44445170999187655,0.173525604719764,0.08165458423326136,,,,,,,0.04241508880994672,0.08626110449735447,0.10784040178571429,0.32281166666666666,0.3000307042253521,0.17633749999999998,0.061341423841059624,0.10342902173913045,0.140656525,0.2885037235841082,0.334236969273743,0.21644625,0.0464,0.07377600299401199,0.09141749999999998,0.20247625000000002,0.26239875,0.19002730686695282,9,10
0.03518916666666666,0.05500749999999999,0.04406249999999999,0.29764267294220664,0.17626416666666667,0.11560100000000002,0.02674666666666667,0.07231874999999999,0.07083019169329073,0.3238423218829517,0.16050967982924225,0.09306750000000001,0.06218499999999999,0.09097749999999999,0.12087,0.201775,0.30208125,0.26299,0.06145951793721975,0.0977725587406015,0.125661875,0.2162964798206278,0.3035085772833724,0.2497625,0.0593138081395349,0.09902962643678162,0.126100333562586,0.226085,0.2977225,0.23494019886363637,0.056478749999999994,0.08220499999999997,0.10510392857142857,0.17813071603927988,0.2852925,0.24588500000000002,,,,,,,,,,,,,,,,,,,0.033310000000000006,0.06617250000000002,0.04816000000000001,0.4343425,0.157665,0.09383750000000002,0.015265416666666665,0.04388375,0.02709041666666667,0.37376000000000004,0.12153,0.060050246252676645,,,,,,,0.05651312500000001,0.09338375,0.11928473451327433,0.21446625,0.28889601259689923,0.2291764342105263,,,,,,,0.05558956245933637,0.08014766719745221,0.10569909774436088,0.16849016213389123,0.27426214285714284,0.23945000000000002,0.048909375,0.06844687043795619,0.09041375000000001,0.1470656144067797,0.25604263157894736,0.22513624999999998,0.05916916666666666,0.09321845969289827,0.11788625,0.1881625,0.2804944282511211,0.23767650700934578,,,,,,,,,,,,,0.04288,0.09867749999999997,0.0842675,0.432885,0.19803500000000002,0.13077,0.016186666666666655,0.045382500000000006,0.028017421135646682,0.37422750000000005,0.12139249999999999,0.06021874999999999,,,,,,,0.05604678571428571,0.0931811215203426,0.118898190647482,0.21451674887892377,0.2888831913652276,0.22976942105263157,0.05535124999999999,0.07995,0.10518460896309315,0.16784,0.2736665772637796,0.23872949999999998,0.05074276081424937,0.06902484560067683,0.09044812499999999,0.1478365397650248,0.2555390277777778,0.22409125,10,11
0.046619999999999995,0.06306499999999998,0.06821335839598996,0.14744875,0.2281803625,0.20350750000000004,0.017415,0.052505000000000024,0.04065250000000001,0.35229625,0.1448225,0.07791500000000001,0.04035,0.08289249999999998,0.10516750000000002,0.28254250000000003,0.2499,0.15345750000000002,0.05819750000000001,0.11390585164835165,0.14721499999999998,0.36753529028436027,0.34012749999999997,0.2086225,0.06930750000000002,0.1249043124165554,0.16937999999999998,0.38344000000000006,0.36067,0.22208580110497236,0.0594075,0.10660759723137773,0.14528999999999997,0.318911497005988,0.3366559668508287,0.21745798713235295,,,,,,,,,,,,,,,,,,,0.03647249999999999,0.0777775,0.04926,0.4576625,0.189015,0.10038249999999999,,,,,,,,,,,,,0.05891249999999998,0.11392427690582961,0.152385,0.3757125,0.356835406626506,0.2174930577689243,,,,,,,0.062212500000000004,0.10705125000000001,0.14969555177824267,0.310345,0.33735139400921665,0.21461222602739724,0.046454999999999996,0.07627874999999998,0.09732999999999997,0.2151675,0.271735,0.19008750000000002,0.05534506249999999,0.09478624999999999,0.1251004166666667,0.23986249999999998,0.3152675,0.22198883064516128,,,,,,,,,,,,,,,,,,,,,,,,,,,,,,,0.059463825301204816,0.11408644841269841,0.15271328917050692,0.37649586981566824,0.35604812765957455,0.218610383254717,0.061277499999999985,0.10706500000000002,0.1496093697698745,0.3109133333333333,0.3370832373271889,0.2142325,0.046097499999999986,0.07561875000000001,0.09653250000000002,0.21503,0.27115485576923076,0.189125,11,12
0.049644999999999995,0.07385875,0.07957198076923078,0.20758622039473687,0.26884243999999996,0.2333372386759582,0.02231738851727982,0.06312000000000001,0.04946054295366795,0.3392291666666667,0.17403798206278026,0.09361558035714283,0.058967500000000006,0.11450375000000002,0.1332060092067989,0.353245,0.33834000000000003,0.22031,0.05266735576923078,0.10536000000000001,0.12616375000000002,0.33869750000000004,0.3160191666666667,0.19016083333333333,0.06961,0.1163325,0.144685,0.325600625,0.32160625,0.1981182654075547,0.05559148671096346,0.08522999999999997,0.10643249999999999,0.2140125,0.27287366894197956,0.206175,,,,,,,,,,,,,,,,,,,,,,,,,0.02129495779543197,0.05548875,0.035922499999999996,0.38564687500000006,0.16360500000000003,0.08136243189806679,0.05650079930278883,0.109595,0.1266358333333333,0.38034567365269467,0.30887375,0.17906,0.05387999999999998,0.10610249999999999,0.133905,0.329265,0.314525,0.1891888512145749,,,,,,,0.055035,0.08280066579634465,0.10681590443686008,0.20141062500000004,0.2687375,0.20625983140655108,0.04554767363851618,0.06991249999999999,0.08656729381443298,0.1701775,0.24855765625,0.1980075,0.05350544642857144,0.08578000000000002,0.10629499999999997,0.19565179155313353,0.27487,0.21486639648437503,,,,,,,,,,,,,,,,,,,0.021246666666666664,0.055062500000000014,0.03481228571428572,0.3896,0.16371204908675796,0.08073459785522787,0.05432000000000001,0.10706500000000002,0.12264375,0.3803153391472868,0.3085575,0.17833125,0.054040521015761823,0.10662499999999998,0.13400125,0.32958125000000005,0.3141731554160126,0.1901288320079523,0.055227499999999985,0.0834608093994778,0.10607499999999997,0.20284750000000001,0.268325107421875,0.20663211436170215,0.04647185697115385,0.07024013440860212,0.08584416666666667,0.17075500000000002,0.2483211712439418,0.1970175,12,13
0.029583749999999992,0.052202499999999985,0.03745323722149411,0.3335065193965517,0.162767294933655,0.09740217391304348,0.024361708860759494,0.07255249999999999,0.07240097933070865,0.33251671057965143,0.16177166666666667,0.09380947115384616,0.06415399999999999,0.09533377423822714,0.12470627701375246,0.2134075,0.3171239170040486,0.27175150000000003,0.06499306264501159,0.10290143951296148,0.1336488692307692,0.22701157321428572,0.3186036322869955,0.2641411904094223,0.0633553007518797,0.10430194078947369,0.134994,0.23491047317216981,0.3118826335311573,0.24915750000000003,0.06115365107913668,0.095136875,0.12195677068723704,0.22310704150308464,0.30123139131843213,0.2436246991193738,,,,,,,,,,,,,,,,,,,-0.011844999999999994,0.03630749999999999,0.014719999999999983,0.278665,0.1013175,0.06529249999999998,0.013351942534381139,0.04572472222222221,0.029676124161073816,0.390017725,0.12140166666666667,0.060924081050228306,0.06787749999999998,0.10731249999999998,0.140725,0.24616,0.34356499999999995,0.2753925,0.060653201195987654,0.10140533582089553,0.1316345896226415,0.228841875,0.30612370880766926,0.24154,,,,,,,0.05922825416088766,0.08481732636148381,0.11253271664588528,0.18299800000000005,0.29341483341810776,0.2543711459227468,0.04963561470078058,0.0694852820186599,0.09190005308130504,0.1558367318435754,0.2701533806600153,0.23882484913793103,0.06025819672131148,0.0923564242256637,0.11658949742268043,0.19160457633587788,0.2928700406598514,0.2492687865497076,,,,,,,,,,,,,,,,,,,0.0137981350626118,0.04580187499999999,0.029049368932038834,0.3910036133603239,0.120794375,0.06020486111111111,0.07021499999999997,0.10761500000000002,0.14193499999999998,0.2472875,0.3419425,0.275585,0.060396809287383176,0.10084047586872588,0.1315736482889734,0.22814615555555554,0.306381021062271,0.242695,0.06016731956912029,0.08516953718815573,0.11258407638347624,0.183036140472879,0.29257621677957274,0.25436187499999996,0.051932491982039766,0.07041731107205623,0.09235249999999999,0.1557123289994347,0.2697150479662318,0.23773606466876976,13,14
0.05410000000000001,0.07376250000000001,0.08169151195499297,0.19291607142857142,0.2807790204081633,0.2514472070914697,0.020693265350877184,0.061634999999999995,0.04980999999999999,0.34422465868794333,0.17069515359741305,0.09495700440528634,0.07730085187057634,0.13356452380952383,0.17369430379746836,0.37178,0.38684991365777077,0.25416801154249735,0.06625487028301887,0.12241543734743693,0.1536225,0.37157783401849953,0.353043634868421,0.21850035135135137,0.07797,0.13137500000000002,0.17262372093023257,0.36784750000000005,0.36457500000000004,0.2298215653245686,0.06728154605263156,0.11487024390243902,0.1485772133757962,0.3210333333333333,0.3413986791497976,0.22438247950819673,,,,,,,,,,,,,,,,,,,0.002647499999999997,0.029927499999999996,0.009715000000000001,0.2073025,0.0719475,0.03641749999999999,0.018762499999999994,0.05233999999999999,0.03375,0.3973074877899878,0.15748625,0.0804395,0.08226,0.1400925,0.1593425,0.415395,0.36864500000000006,0.23287750000000002,0.06564999999999999,0.12128250000000002,0.15890937500000002,0.3684763250283126,0.3620053444747612,0.21921000000000002,,,,,,,0.06947249999999999,0.11341749999999999,0.14818852791878173,0.2983458333333333,0.3333161244841816,0.22235786246276062,0.05151499999999998,0.08043822894168469,0.09951588199513381,0.2151510558780842,0.2823198455598456,0.20444250000000003,0.056318910411622264,0.09512999999999999,0.12075999999999998,0.23862970720720722,0.31221499999999996,0.2235275,,,,,,,,,,,,,0.008394999999999986,0.03187999999999999,0.012630000000000002,0.20477250000000002,0.0684825,0.034574999999999995,0.018209053133514987,0.0526099032586558,0.03360345351609057,0.39742188081936686,0.15758250000000001,0.08041721316818773,0.073295,0.12472,0.15365,0.4073925,0.36369500000000005,0.23089749999999998,0.06650249999999999,0.12181638782051285,0.15882000000000002,0.36846625,0.36106821117561677,0.22036658653846156,0.07136999999999999,0.11453108918128652,0.1488375,0.29831105348460296,0.3328348290598291,0.22205625,0.05147788834951458,0.0806385706967213,0.09922750000000002,0.2156075,0.28246017350157726,0.20345249999999998,14,15
0.05264245641838352,0.0706,0.07882239173228345,0.1654316251246261,0.26300720264317173,0.23899567320703657,0.019107588495575215,0.0562571,0.045282710219922376,0.3422105582524272,0.1547775,0.08647407370517926,0.045845643564356435,0.08553250000000001,0.10934749999999999,0.2873626906779661,0.26402818277310924,0.1662228785488959,0.06663999999999998,0.12463750000000001,0.16567002183406113,0.37112000000000006,0.36362079545454545,0.23012749999999998,0.07736500000000002,0.12811625,0.16841750000000003,0.37856001275510204,0.3522,0.21517899931224205,0.06083749999999999,0.1027738142201835,0.12861885123239436,0.31359,0.3080657608695652,0.210224625,,,,,,,,,,,,,,,,,,,,,,,,,0.020384999999999986,0.05118499999999998,0.03523499999999999,0.3684525,0.1568675,0.09001500000000001,0.06358750000000002,0.1292025,0.162505,0.43173,0.3767575,0.22910999999999998,0.06312000000000001,0.12035829351535836,0.16154249999999998,0.37739916666666673,0.3588733333333334,0.21804812499999998,,,,,,,0.05873238343558281,0.10096,0.13035629063097517,0.29669830752212395,0.3034425,0.2078089841986456,0.04549249999999999,0.07462875,0.0935746045392022,0.2113345868200837,0.2607625,0.18533,0.053659999999999985,0.0898775,0.11438916666666667,0.224985,0.2888487663755459,0.211345,,,,,,,,,,,,,,,,,,,0.020219999999999988,0.04788500000000001,0.028717500000000007,0.3690575,0.14710499999999999,0.0775575,0.062460000000000016,0.126865,0.1574175,0.43445249999999996,0.37376000000000004,0.22097,0.0629825,0.12036694152431013,0.16157,0.37732125,0.35899250000000005,0.2195125,0.06211597933070865,0.10122125000000001,0.13126919950738916,0.29761905997304583,0.303085,0.20691749999999998,0.04585000000000001,0.07484551177536233,0.09341375690607737,0.21136358263598326,0.26046521474878437,0.18445,15,16
0.031210833333333327,0.048764999999999996,0.035736874999999994,0.2796661134020619,0.15887500000000002,0.098051875,0.02005499999999999,0.05584350000000001,0.043730273972602735,0.33918643103448276,0.15239875,0.08123333333333334,0.043237499999999984,0.07831375000000002,0.10172956692913385,0.22020000000000003,0.22916645543175485,0.1439985576923077,0.067355,0.11445333333333334,0.154035,0.25737607142857144,0.32000951986754966,0.24565688395415478,0.06990734031936127,0.11785569444444442,0.15748349999999997,0.24926750000000003,0.3207923263888889,0.2483325,0.07214000000000001,0.11557625000000002,0.1545575,0.23467599999999997,0.3060641666666667,0.24189639999999998,,,,,,,,,,,,,,,,,,,,,,,,,0.01936750000000001,0.047719999999999985,0.027287499999999992,0.4430875,0.140835,0.06551249999999997,0.06215749999999998,0.1142975,0.15268749999999998,0.2774825,0.3274225,0.24,0.06363333333333333,0.10632689143135346,0.14334106161695448,0.23994500000000002,0.3158968867924528,0.243465,,,,,,,0.06820749999999999,0.10999313012295082,0.14793367609254499,0.2230573314144737,0.2916423039215686,0.22990870358090182,0.05777358371559632,0.09386499999999998,0.12249249999999998,0.208849375,0.2859082155172414,0.21414665697674418,0.0567669387755102,0.10227999999999998,0.12918463414634146,0.24726224489795917,0.2953139616497829,0.21090500000000004,,,,,,,,,,,,,,,,,,,0.01791000000000001,0.0471975,0.025912500000000005,0.4374225,0.14292500000000002,0.0653475,0.062267499999999976,0.11583749999999998,0.1537325,0.2785825,0.33218,0.2450325,0.06285571247892074,0.10663657335907337,0.14402189734895188,0.24012422413793102,0.31594505804311773,0.24474005938242285,0.068489375,0.11065432368775235,0.14786260690789474,0.2231794719042664,0.29138375,0.2289778714799281,0.056540625,0.0934525,0.121695,0.20881237110633727,0.285132761627907,0.21343499999999999,16,17
0.033530000000000004,0.052772142857142844,0.04089083333333333,0.24567749634324723,0.1666465,0.10773070818070818,0.022364999999999996,0.061832219983883954,0.05552024193548387,0.3079726865671642,0.1624174379280822,0.09442996835443038,0.05429250000000002,0.08564143548387099,0.11281020833333334,0.20850826923076923,0.2387834011184545,0.16246375000000002,0.06117437499999999,0.10141568117977527,0.13154305555555557,0.20939532636134153,0.2813925,0.231684,0.06139972222222223,0.10484916149068321,0.13647625,0.20941541666666666,0.27957796548117153,0.22677250000000004,0.05845333014424494,0.09609214977075904,0.12525499999999998,0.19486981952482485,0.2668156583929323,0.21950638888888888,,,,,,,,,,,,,,,,,,,,,,,,,0.01923353018108651,0.050944375,0.035308333333333324,0.3736683333333333,0.14630377665245206,0.07632,,,,,,,0.05678888800116213,0.09709803206002728,0.12724558919803597,0.20260916666666665,0.267740625,0.21459275,,,,,,,0.05560906250000001,0.08287509352881697,0.10800916666666666,0.16244484894259822,0.2503640625,0.21944878921193578,0.049016013513513514,0.06866444968553459,0.08899285793194875,0.1363357673942701,0.22500940123729557,0.19848420233463035,0.059843917121418816,0.10822939171416045,0.132915,0.198486033266129,0.26089636363636365,0.2244701572757112,,,,,,,,,,,,,,,,,,,0.01933541666666667,0.05049749999999997,0.03528173021582734,0.37330341874422895,0.14636254795117695,0.076299375,,,,,,,0.0565365,0.09678458333333334,0.12670028191985092,0.20252410633141474,0.26781625,0.21553359374999997,0.054869999999999995,0.08239444444444444,0.10777388888888889,0.16256554319371727,0.2500959375,0.21945525010597713,0.04913709507042253,0.0685436111111111,0.08848306895573213,0.13627916666666665,0.22449775298276622,0.197955,17,18
0.04816000000000001,0.08711375000000002,0.09650500000000001,0.29938166666666666,0.272065,0.18955125,0.062340833333333324,0.09562500000000002,0.11898625000000002,0.23786690795159898,0.3048725,0.24670999999999998,0.037683508831521745,0.06848953435430463,0.0440625,0.451805,0.253193125,0.13236194444444446,0.027938397296118616,0.057284584760273954,0.04273857142857142,0.3903975,0.20386866158113734,0.10223049999999997,0.029240000000000002,0.06809749999999998,0.05493874999999998,0.3928725,0.2212175,0.11506749999999999,0.030230000000000007,0.07828625,0.05937999999999999,0.37601500000000004,0.2346375,0.12379187500000001,,,,,,,,,,,,,,,,,,,,,,,,,,,,,,,,,,,,,0.02525986071223434,0.056767643979057585,0.046712250737463115,0.36569333333333337,0.1985183217075893,0.09947500000000001,,,,,,,0.03985499999999999,0.10219274324324323,0.09888928353658537,0.34019166666666667,0.24449166666666666,0.13801166666666667,0.04109593749999999,0.0654575,0.0826336568457539,0.18096437499999998,0.217076,0.17546816042510122,0.0564925,0.09625750000000002,0.11584535714285714,0.18223899999999998,0.2507681189320388,0.22100853741496596,,,,,,,,,,,,,,,,,,,,,,,,,,,,,,,0.026217499999999994,0.05506249999999998,0.043197777777777766,0.36688500000000007,0.1980100013220518,0.0997225,0.03947789825581395,0.10214250000000002,0.09852625,0.34176375000000003,0.24433125,0.13798875,0.04168374999999999,0.06598000000000001,0.08235777777777778,0.18099416666666665,0.21651958333333335,0.17456951163967613,18,19
0.024768737895416393,0.040625,0.026565263157894734,0.26617450000000004,0.13137671874999998,0.07192808823529412,0.017888,0.05089558219178083,0.03586641763848397,0.38239500000000004,0.1401380933809272,0.0679890654856688,0.0583007635135135,0.09644366763215063,0.13220305555555556,0.22896283218682112,0.25719519504160887,0.17043456521739128,0.06532982142857142,0.1150464811980761,0.16157124999999997,0.3218326666666666,0.3682754000000001,0.22696385416666667,0.07596394736842103,0.12380071428571426,0.16736516666666662,0.26335608285541806,0.3315739423076923,0.2514734426591982,0.07640105263157894,0.12029088235294119,0.16168515625000002,0.2452907757775287,0.3139122300295858,0.24272844594594592,,,,,,,,,,,,,,,,,,,,,,,,,0.016067499999999985,0.039470000000000005,0.021375000000000005,0.5091700000000001,0.1372875,0.05869249999999998,,,,,,,0.0574825,0.10429142857142858,0.14607680555555555,0.31106999999999996,0.34284564849765964,0.20157955357142862,,,,,,,0.07346161764705883,0.11644461538461538,0.15674145833333333,0.23390187499999998,0.30034678571428575,0.2328916666666667,0.05431375000000001,0.08726041666666666,0.10817677360605212,0.18989853549890345,0.2630646516623085,0.2045968055555556,0.05921729692106125,0.10854260838150288,0.128736375,0.23982244281980064,0.289646162044702,0.21929134816753929,,,,,,,,,,,,,,,,,,,0.017662499999999998,0.03993749999999999,0.021072499999999994,0.5090874999999999,0.13632499999999997,0.05817,0.02855250000000001,0.051817500000000016,0.033062499999999995,0.46929499999999996,0.17028749999999998,0.07268999999999998,0.05700749999999999,0.10376079590228526,0.14611225,0.312082245967742,0.3428181,0.2026141935483871,0.07350714285714287,0.11694849999999998,0.15686578125000003,0.23392250000000006,0.3003029166666667,0.23186282051282048,0.05381766666666666,0.0872741666666667,0.10761347222222223,0.18990638897738132,0.2621596523911942,0.20365445312499997,19,20
0.05182785819793205,0.06362569884726225,0.07580208333333334,0.12453037790697676,0.23402447836706208,0.2250369540796216,0.035219491279069766,0.07074421056615197,0.0550436322869955,0.30323250000000007,0.21316735603989062,0.13353865179048638,0.023777912251012584,0.07476716666666666,0.037469047619047624,0.545965,0.20578931494661923,0.08761699999999999,0.021850885496183196,0.08046700574562547,0.0519902754013519,0.43798519230769234,0.1906925017186426,0.08618835862466386,0.030874699023861172,0.08434955207886842,0.07488279033379694,0.30715499999999996,0.17212749999999996,0.09251291666666667,0.02647249999999999,0.07066760416666668,0.0734703390723823,0.23479699999999998,0.18015855263157896,0.1088581842850401,,,,,,,,,,,,,,,,,,,0.049621001552795044,0.0773733695652174,0.08355249999999997,0.17870250000000001,0.24484,0.2049375,0.045652533778875494,0.0671686668628605,0.06225609910548225,0.2041374359631148,0.2151017596073517,0.16751392857142858,0.020329999999999994,0.09510249999999998,0.05291750000000001,0.606795,0.21319437500000002,0.08812055555555555,0.018920624999999993,0.07286916462270956,0.05347009188911705,0.3607479614257813,0.16647587209302328,0.0783482139842431,,,,,,,0.027225096153846155,0.0594459585492228,0.07006425705603628,0.19313166105121293,0.18580208333333334,0.11700166666666667,0.030462833333333328,0.04846101000372809,0.05873577613350127,0.14201814725816386,0.171120197228145,0.12570770833333333,0.05366047539893615,0.0971210086342229,0.1250775,0.22678625,0.26928020408163267,0.2087416666666667,,,,,,,,,,,,,0.05437500000000001,0.08089875,0.08754,0.18833437500000003,0.26514846843003415,0.2271575,0.04758881448999537,0.06812352815629617,0.062297806122448965,0.20414698292008565,0.21462706521739133,0.16655008780834435,0.020649999999999995,0.095068125,0.0525221875,0.6023056250000001,0.21260233173076926,0.08816218749999999,0.019655071428571428,0.07288164807383629,0.053482075140706097,0.36084933257674023,0.16623184782608694,0.07887271739130435,0.027217131871403056,0.05968550360968793,0.06956939379159972,0.19315375,0.1853758333333333,0.11656035714285715,0.02991455882352942,0.04822986486486486,0.05823447280830418,0.14199520699323767,0.17065404102212645,0.12526449999999997,20,21
0.03133,0.05358586405529953,0.04223833333333334,0.24569455516014238,0.16942230511571255,0.11183625000000001,0.022090133634154803,0.062856,0.05682249999999999,0.30136821428571425,0.16459433516483513,0.0981,0.04648426501035197,0.08125105443732847,0.10488229265402844,0.21189441021126765,0.25243,0.1751352141774071,0.06139596153846154,0.1014275,0.13055197088465847,0.2143817857142857,0.28758750000000005,0.23589791666666668,0.06315142857142858,0.10511937500000001,0.13550260828976848,0.21717076923076922,0.28270357142857144,0.2281609990017113,0.058220841654778886,0.09555624999999998,0.12377124999999999,0.20357925465838508,0.26820551098901096,0.21638345120226307,,,,,,,,,,,,,,,,,,,,,,,,,0.021053238903833222,0.052183619402985076,0.039544276753712235,0.34642586322869956,0.15350855734767024,0.08878777040816326,0.0653475,0.114765,0.15818749999999998,0.26887500000000003,0.32731250000000006,0.248965,0.0565317857142857,0.0965439140926641,0.1262591760299626,0.20850025425445698,0.27008225,0.21623630816170863,,,,,,,0.05576297062305755,0.08387615384615386,0.11012519814502529,0.170348,0.2552453125,0.22213875,0.04877353704705246,0.06896628998264319,0.08996785714285714,0.14212851937012264,0.22993224999999998,0.20178049999999997,0.059378034317211933,0.10419125000000001,0.1285184375,0.19550570348837212,0.26123805159395974,0.22707292583280952,,,,,,,,,,,,,,,,,,,0.02112676974994468,0.05129962347931875,0.03767941501416431,0.34647365752828546,0.1533316061827957,0.08714153489640132,0.055365,0.1111625,0.14969,0.271075,0.31826499999999996,0.24849749999999998,0.057014999999999996,0.09707630693319838,0.1262675369117195,0.2086632075471698,0.27002724999999994,0.21725909623217923,0.05552185185185185,0.08383535714285714,0.10959866666666666,0.1703321875,0.25537446428571425,0.22123430555555557,0.04962233028017242,0.06945285714285714,0.08993250000000001,0.14210371867612293,0.22995333333333332,0.200774,21,22
0.05330937499999999,0.08901583333333334,0.1052775,0.26107875,0.291390625,0.21449787859007835,0.06430715218811234,0.09803125000000001,0.12284083333333333,0.23985027777777773,0.3188796589688507,0.25940714285714284,0.03794918032786885,0.0701489061640066,0.04485265527950311,0.4723170401174168,0.26528625000000006,0.13653855421686747,0.03090492857142857,0.058205357142857135,0.04032952676600442,0.444985,0.2161866526800216,0.1028946875,0.027215999999999997,0.06149749999999998,0.044768471385542165,0.4364196838407494,0.2165883333333333,0.10593879169503062,0.026781678543151225,0.06776750000000002,0.044699048757170165,0.42670358658256885,0.217045,0.10595125000000001,,,,,,,,,,,,,,,,,,,,,,,,,0.06610375000000002,0.10093800000000001,0.12816666666666668,0.26633125,0.32124416666666666,0.2533925,0.04571249999999999,0.07568750000000002,0.03949749999999999,0.6608050000000001,0.29401,0.126755,0.02504204991467576,0.05382500000000001,0.0402586427919708,0.40495875000000003,0.19854009701492537,0.09321209727736812,,,,,,,0.03436261538461538,0.09884687238493724,0.0890133254716981,0.38410000000000005,0.22783583333333332,0.11846374999999999,0.03900250000000001,0.06267445546558705,0.08169834125475287,0.17906,0.210495974091183,0.16967934369055168,0.05728258010118044,0.09455503846153847,0.11436166666666665,0.18307786277602525,0.2590039529444139,0.22708050000000002,,,,,,,,,,,,,,,,,,,0.06586049467752036,0.1011109745409015,0.12743791666666665,0.2670712946428571,0.3215987658227848,0.25155,0.04642750000000001,0.07928999999999997,0.040185,0.66031,0.2956875,0.12950499999999998,0.024800714285714284,0.05309698288508556,0.039319503540640385,0.40552250000000006,0.19895060077519378,0.09424184201448778,0.03408,0.09838875,0.09018916666666667,0.38389578703703703,0.227075,0.11851416666666666,0.038892499999999997,0.0628852729145211,0.081648125,0.17912187499999999,0.21015975,0.16839916666666666,22,23
0.028655535445891785,0.057704135977337125,0.04239874999999999,0.27474624999999997,0.17334751214855953,0.10398635085917073,0.02485940355329949,0.08750734375,0.07153643145161291,0.36683754210104247,0.1739742600508318,0.0944425,0.06717472222222222,0.12233609054138145,0.1694902580140735,0.35299894736842097,0.3915188412633306,0.25533610963356973,0.0645785185185185,0.09802462962962964,0.1266848275862069,0.21537255434782615,0.30318640625,0.25243137500000007,0.0631341935483871,0.10046858695652175,0.12915907894736842,0.22109708867593467,0.2964323144392619,0.24081633673133834,0.060438378378378385,0.08189486111111112,0.10620694194554393,0.1733133870967742,0.2885478729982559,0.2574258333333333,,,,,,,,,,,,,,,,,,,,,,,,,,,,,,,,,,,,,0.05945690326633165,0.09385812499999999,0.12179971153846157,0.21047713235294113,0.28667018474576267,0.23092141304347824,,,,,,,0.05750643601432757,0.08141712499999999,0.1067119,0.16845698347502153,0.27094130681818185,0.24163739639861861,0.04436479158131913,0.061885250000000024,0.08032677452810622,0.13420524349388233,0.24077574346597594,0.21924558823529414,0.06067875,0.093396775486827,0.11315017544868845,0.1869578752400988,0.27221333333333336,0.23584006732495516,,,,,,,,,,,,,,,,,,,,,,,,,,,,,,,0.05948666666666668,0.09359846153846152,0.12173716666666667,0.21052709677419357,0.2866720438607284,0.23196048076923084,0.05871573033365807,0.08190387561411343,0.10714740621720883,0.1684750207277752,0.2700526780821918,0.2407538235294118,0.04681066666666666,0.06286087962962966,0.08028368306185457,0.1342553451099672,0.24074005828096495,0.21832694444444448,23,24
0.05243732897384306,0.06807549999999998,0.07334083333333334,0.1598925,0.24972269448138296,0.22908937499999998,0.025823124999999995,0.07634186850311851,0.0596890412621359,0.3453337459599224,0.17167166666666667,0.09877833333333332,0.03747392422192152,0.07662249999999998,0.08858500000000002,0.28463961356466877,0.23887443504736133,0.15007500000000001,0.06099857142857142,0.092180625,0.11647916666666665,0.2008546996996997,0.28078588268792704,0.23866166666666663,0.060674535310734475,0.09859499999999999,0.12422499999999999,0.21602000000000002,0.2797375,0.22695954483695657,0.054788336501901125,0.08757666666666665,0.10808250000000003,0.20887,0.2562594521233974,0.20640875,,,,,,,,,,,,,,,,,,,,,,,,,0.024730000000000002,0.061277499999999985,0.040404999999999996,0.384925,0.176035,0.09766000000000002,,,,,,,0.056804166666666676,0.09075749999999999,0.11548638810198301,0.20064364630044842,0.2681765,0.21825403040262947,,,,,,,0.05431533743351062,0.07610916666666666,0.098375,0.15693625,0.25840300000000005,0.2331305,0.0451075,0.06235183228929384,0.07974055970149255,0.13259912386706948,0.23379531250000002,0.2094475,0.060133500000000006,0.09582175257731959,0.11678200130378097,0.1901535,0.26542374999999996,0.227075,,,,,,,,,,,,,,,,,,,0.025582500000000008,0.061112500000000014,0.04059750000000001,0.3849525,0.1806275,0.09925499999999998,,,,,,,0.05699666666666667,0.09101416666666667,0.11549100000000001,0.20066275507677064,0.2681416666666666,0.2193592857142857,0.05600050268496421,0.07652966560509555,0.09891844700082168,0.15699714285714286,0.25834250000000003,0.2330669231606443,0.047055989196488845,0.06336289130434783,0.079709375,0.13256106971153844,0.233015,0.20841624999999997,24,25
0.05388500000000002,0.06947588758782201,0.07346469081980357,0.15477862255755467,0.23779440387016232,0.22035949999999999,0.019093755125690847,0.06609825,0.04161842319522343,0.40665403591890703,0.15114291666666665,0.07546021578947368,0.06997666666666667,0.12038875000000002,0.1617625,0.3198911011904762,0.35076999999999997,0.25933937500000004,0.05848253224628863,0.09243438035150969,0.11739320898876406,0.1919339954694579,0.2682943925406203,0.226972,0.06084467391304349,0.09437315217391305,0.12047817168401995,0.18312063459408137,0.269293,0.23190174544750108,0.057554523809523805,0.07995223394206548,0.10192367193240263,0.15379562485313697,0.25271049999999995,0.227062524189742,,,,,,,,,,,,,,,,,,,0.022749959476883398,0.07052116666666668,0.031005156249999992,0.4636643750000001,0.17433190043703914,0.0785610451631152,,,,,,,,,,,,,0.05700756756756757,0.08604984375,0.10997017857142857,0.17458093749999992,0.25956002068331535,0.2231467013888889,,,,,,,0.054501745499632624,0.07800596153846155,0.09997381086142322,0.15009699999999998,0.23949551724137927,0.21529466255442672,0.04413701850200623,0.06829,0.08020716358418364,0.15357722162867993,0.2096979544609665,0.1706324399222114,0.049122827822762026,0.09088541257367387,0.10362390094339625,0.20879936287748593,0.23901873324203546,0.18681773013986655,,,,,,,,,,,,,0.029094383954154725,0.07055564106425703,0.028795808093346573,0.461849375,0.17230722222222225,0.07765964285714286,,,,,,,,,,,,,0.057248478268126575,0.08623692307692307,0.10997029411764703,0.1745403657232187,0.2590198148148148,0.2241107291666667,0.054500906121045384,0.077944244855463,0.09999933333333332,0.15012069051580698,0.23895194444444445,0.2143304830442912,0.04376055792249949,0.06817471153846154,0.07992756992736826,0.15359649212673113,0.20919804214052032,0.16965493005685223,25,26
0.053298406208277686,0.06584430006480883,0.07237957627118645,0.13617924999999997,0.22679665645617345,0.21255408446362514,0.021135750000000002,0.06040511332973556,0.04278137611365277,0.36678293699186987,0.151087,0.0803322273440565,0.08130426964903609,0.1420949940898345,0.18990751641137854,0.38575785714285715,0.404947490942029,0.26504002816901406,0.07040134489528796,0.11940958442408377,0.15315878241262681,0.3414767581967213,0.34516024677509816,0.22136187500000004,0.07167490813873627,0.11280660714285716,0.14613464285714287,0.29785197916666667,0.3296243560794045,0.2192375,0.05431449999999999,0.07875515337423313,0.10029548270893372,0.15387195806962026,0.24008191211401428,0.20679998127340823,,,,,,,,,,,,,,,,,,,0.03869083333333332,0.07601750000000002,0.04427986359000509,0.39923643031784845,0.20236957131079966,0.11296374999999999,,,,,,,,,,,,,0.05598903846153845,0.09802133433283357,0.12327488702623904,0.2984414285714286,0.31616094810379236,0.20267080131800336,,,,,,,0.0528078642384106,0.0775025,0.099783,0.14997629444217409,0.22667639990089195,0.19657993328651682,0.04304253205128204,0.05794609167893962,0.07335484602224125,0.11498104575163397,0.2081971875,0.1892148213800598,0.056456295671167604,0.08846591545352742,0.1075765,0.16243625,0.24136125,0.21308022084805656,,,,,,,,,,,,,0.04375999999999999,0.07585937499999999,0.043769166666666665,0.3941375,0.2024147291941876,0.11411416666666668,,,,,,,,,,,,,0.0557648076923077,0.09780705756929639,0.12330353044931304,0.2974291666666667,0.31608103263927967,0.20354056405572046,0.0521114921065033,0.07724812499999999,0.0994336510791367,0.1489619253438114,0.22615375,0.1965837524606299,0.045379576551373355,0.058944916611074046,0.07367312499999999,0.11501083388814914,0.20773241983226443,0.18823846480279585,26,27
0.0320725,0.045733125,0.034749166666666664,0.21923493013822118,0.1422890625,0.089169375,0.022032608695652166,0.05853142857142857,0.04136160714285713,0.3582948462715638,0.1506558,0.07764558187208274,0.06200657887243736,0.10106202592819882,0.13323891592920353,0.2300096428571429,0.2513936964393482,0.165413125,0.06080599676025918,0.10268254934210526,0.13711149136577708,0.2885937830865859,0.3139,0.1958235495418098,0.07433326136710405,0.11609416666666668,0.15211785714285717,0.2321367006324666,0.3049100821127386,0.23672665535079207,0.07335515625,0.11256502953813106,0.14673833333333333,0.21922649235580263,0.29350492236024833,0.23198612068965516,,,,,,,,,,,,,,,,,,,,,,,,,0.0173875,0.037022499999999986,0.020714999999999983,0.2920025,0.09130749999999999,0.041972499999999996,,,,,,,0.06381918749999997,0.09924295792787637,0.129654875,0.2134,0.28738250000000004,0.22195959459459463,,,,,,,0.06795083333333332,0.10513083333333333,0.13748611111111111,0.2074885929319372,0.2761395833333334,0.21655947592324404,0.044989484476367005,0.06107547861507127,0.07777401114959948,0.12137411418288892,0.21018924198964606,0.18721806552587644,0.06009798076923077,0.09064112817595753,0.11093748024087315,0.16822040460526316,0.24628718749999998,0.21167040265035683,,,,,,,,,,,,,,,,,,,0.01859749999999999,0.04524500000000001,0.025197499999999984,0.36086250000000003,0.1138575,0.05288999999999999,,,,,,,0.06357455882352943,0.0992695668673122,0.1296783445945946,0.21350590298789712,0.28739900000000007,0.22339162138728322,0.0677699169346195,0.10514000000000001,0.13746349999999996,0.20746441268191274,0.2757133333333333,0.2165494442748091,0.04753386996445498,0.06230671296296295,0.0782799209416725,0.12138496074154854,0.20973783489096573,0.1862830303789017,27,28
0.04850273892893924,0.056334750220070416,0.06506701294456066,0.10391093885569287,0.2101611938083122,0.20480857560331825,0.05230574229932441,0.06879658372909352,0.07017077600440286,0.17415582134684537,0.22142680555555552,0.1887456336147485,0.03430937804994736,0.06420454503738952,0.03563029434607018,0.5382989705882354,0.255324375,0.12065627437718407,0.03381187500000002,0.056424457613031914,0.035889843750000004,0.4675153571428571,0.20947932773624214,0.09327409374999998,0.029405015981403448,0.06515929279372289,0.04614464285714284,0.41547914726654467,0.2045543092105263,0.10196084507042251,0.02990515625000001,0.08337925,0.07599626980633802,0.33738024029030994,0.20773926184868996,0.11746528846153849,,,,,,,,,,,,,,,,,,,,,,,,,0.05296803797468355,0.06772453125,0.07653328645548882,0.15519,0.23865468173431734,0.21818860369609858,,,,,,,0.025298988095238097,0.05235801724137931,0.03683671389139251,0.4503343478260871,0.19384850327510914,0.08422589743589746,,,,,,,0.05040227466863033,0.09682192917054985,0.1301485820895522,0.307121142366136,0.2790936607142857,0.1751611111111111,0.03252532782063015,0.048942937060818995,0.06678956443258514,0.1342168038922156,0.19506752650176679,0.17905250000000003,0.07098001783166903,0.109045,0.14364634615384614,0.23857419519519518,0.29907888513513514,0.2427988888888889,,,,,,,,,,,,,,,,,,,0.05518725089498804,0.06702958333333332,0.07495086983343614,0.15324081325301206,0.2377460908671587,0.21821935103244836,,,,,,,0.025031660639862705,0.052113424575765316,0.036362112041210565,0.45029824858757067,0.1938739463644524,0.0847123125,0.050663845984759676,0.0970446875,0.1301247547728769,0.3071788629032257,0.278616875,0.17506063905079097,0.035210044448476044,0.050163250906526985,0.06727830654365607,0.1341566124900627,0.1945882245700573,0.1781125,28,29
